SubjectNum,age,gender,education,location,income,question,reward,Headline_Morality,Headline_Veracity,Headline_id,credibility,Difficulty,familiarity,importance,morality,group
1,21,2,4,3,3,moral_fake_item1,4,moral,fake,1,4,3,3,2,5,Control
1,21,2,4,3,3,moral_fake_item2,4,moral,fake,2,2,3,3,2,5,Control
1,21,2,4,3,3,moral_fake_item3,5,moral,fake,3,1,3,4,1,3,Control
1,21,2,4,3,3,moral_real_item4,4,moral,real,4,5,1,5,1,5,Control
1,21,2,4,3,3,moral_real_item5,4,moral,real,5,2,3,3,1,3,Control
1,21,2,4,3,3,moral_real_item6,2,moral,real,6,4,1,3,4,5,Control
1,21,2,4,3,3,immoral_fake_item7,3,immoral,fake,7,1,2,4,2,1,Control
1,21,2,4,3,3,immoral_fake_item8,3,immoral,fake,8,2,2,4,2,1,Control
1,21,2,4,3,3,immoral_fake_item9,1,immoral,fake,9,4,2,4,5,1,Control
1,21,2,4,3,3,immoral_real_item10,4,immoral,real,10,4,3,4,2,1,Control
1,21,2,4,3,3,immoral_real_item11,2,immoral,real,11,5,1,4,5,2,Control
1,21,2,4,3,3,immoral_real_item12,6,immoral,real,12,3,3,5,1,1,Control
2,25,2,4,1,2,moral_fake_item1,5,moral,fake,1,5,1,4,3,5,Control
2,25,2,4,1,2,moral_fake_item2,6,moral,fake,2,5,1,3,1,5,Control
2,25,2,4,1,2,moral_fake_item3,5,moral,fake,3,4,1,2,1,5,Control
2,25,2,4,1,2,moral_real_item4,6,moral,real,4,5,1,1,1,5,Control
2,25,2,4,1,2,moral_real_item5,2,moral,real,5,4,3,2,3,3,Control
2,25,2,4,1,2,moral_real_item6,6,moral,real,6,4,1,4,1,5,Control
2,25,2,4,1,2,immoral_fake_item7,1,immoral,fake,7,2,3,1,1,1,Control
2,25,2,4,1,2,immoral_fake_item8,2,immoral,fake,8,3,2,2,2,1,Control
2,25,2,4,1,2,immoral_fake_item9,3,immoral,fake,9,5,1,3,3,1,Control
2,25,2,4,1,2,immoral_real_item10,3,immoral,real,10,4,1,2,3,1,Control
2,25,2,4,1,2,immoral_real_item11,2,immoral,real,11,4,2,2,2,1,Control
2,25,2,4,1,2,immoral_real_item12,3,immoral,real,12,4,2,2,1,1,Control
3,18,2,4,1,7,moral_fake_item1,1,moral,fake,1,4,2,4,5,5,Control
3,18,2,4,1,7,moral_fake_item2,2,moral,fake,2,3,1,3,4,4,Control
3,18,2,4,1,7,moral_fake_item3,2,moral,fake,3,4,1,4,4,5,Control
3,18,2,4,1,7,moral_real_item4,3,moral,real,4,4,2,4,3,4,Control
3,18,2,4,1,7,moral_real_item5,3,moral,real,5,4,3,2,3,3,Control
3,18,2,4,1,7,moral_real_item6,4,moral,real,6,4,2,3,3,4,Control
3,18,2,4,1,7,immoral_fake_item7,2,immoral,fake,7,3,2,3,3,1,Control
3,18,2,4,1,7,immoral_fake_item8,1,immoral,fake,8,4,2,4,5,1,Control
3,18,2,4,1,7,immoral_fake_item9,3,immoral,fake,9,3,2,3,3,1,Control
3,18,2,4,1,7,immoral_real_item10,4,immoral,real,10,3,2,4,3,2,Control
3,18,2,4,1,7,immoral_real_item11,5,immoral,real,11,4,1,3,4,2,Control
3,18,2,4,1,7,immoral_real_item12,3,immoral,real,12,4,2,3,3,1,Control
4,20,2,4,3,6,moral_fake_item1,1,moral,fake,1,5,3,3,3,5,Control
4,20,2,4,3,6,moral_fake_item2,6,moral,fake,2,3,3,4,3,5,Control
4,20,2,4,3,6,moral_fake_item3,6,moral,fake,3,3,3,3,3,4,Control
4,20,2,4,3,6,moral_real_item4,6,moral,real,4,5,1,3,3,5,Control
4,20,2,4,3,6,moral_real_item5,6,moral,real,5,5,1,3,3,5,Control
4,20,2,4,3,6,moral_real_item6,6,moral,real,6,3,4,3,3,5,Control
4,20,2,4,3,6,immoral_fake_item7,6,immoral,fake,7,3,3,1,3,1,Control
4,20,2,4,3,6,immoral_fake_item8,6,immoral,fake,8,5,3,3,3,1,Control
4,20,2,4,3,6,immoral_fake_item9,6,immoral,fake,9,3,3,3,3,1,Control
4,20,2,4,3,6,immoral_real_item10,6,immoral,real,10,5,5,3,3,1,Control
4,20,2,4,3,6,immoral_real_item11,6,immoral,real,11,4,3,2,3,1,Control
4,20,2,4,3,6,immoral_real_item12,6,immoral,real,12,3,3,3,3,1,Control
5,21,2,4,2,6,moral_fake_item1,3,moral,fake,1,5,2,3,2,5,Control
5,21,2,4,2,6,moral_fake_item2,3,moral,fake,2,4,2,1,2,5,Control
5,21,2,4,2,6,moral_fake_item3,6,moral,fake,3,4,4,3,1,5,Control
5,21,2,4,2,6,moral_real_item4,4,moral,real,4,5,2,1,1,5,Control
5,21,2,4,2,6,moral_real_item5,4,moral,real,5,4,3,1,1,5,Control
5,21,2,4,2,6,moral_real_item6,1,moral,real,6,5,3,1,1,5,Control
5,21,2,4,2,6,immoral_fake_item7,1,immoral,fake,7,3,3,1,3,1,Control
5,21,2,4,2,6,immoral_fake_item8,2,immoral,fake,8,4,3,2,2,1,Control
5,21,2,4,2,6,immoral_fake_item9,1,immoral,fake,9,3,3,4,3,1,Control
5,21,2,4,2,6,immoral_real_item10,3,immoral,real,10,3,3,3,2,1,Control
5,21,2,4,2,6,immoral_real_item11,1,immoral,real,11,4,3,2,4,1,Control
5,21,2,4,2,6,immoral_real_item12,1,immoral,real,12,4,4,3,3,1,Control
6,23,2,4,3,3,moral_fake_item1,6,moral,fake,1,5,1,1,4,5,Control
6,23,2,4,3,3,moral_fake_item2,2,moral,fake,2,5,1,4,5,5,Control
6,23,2,4,3,3,moral_fake_item3,3,moral,fake,3,1,1,1,1,3,Control
6,23,2,4,3,3,moral_real_item4,4,moral,real,4,5,1,5,5,5,Control
6,23,2,4,3,3,moral_real_item5,4,moral,real,5,2,4,1,5,5,Control
6,23,2,4,3,3,moral_real_item6,1,moral,real,6,5,1,2,5,5,Control
6,23,2,4,3,3,immoral_fake_item7,6,immoral,fake,7,1,5,1,3,1,Control
6,23,2,4,3,3,immoral_fake_item8,3,immoral,fake,8,4,3,4,3,1,Control
6,23,2,4,3,3,immoral_fake_item9,1,immoral,fake,9,4,4,4,4,1,Control
6,23,2,4,3,3,immoral_real_item10,6,immoral,real,10,5,2,5,5,1,Control
6,23,2,4,3,3,immoral_real_item11,6,immoral,real,11,5,1,3,3,1,Control
6,23,2,4,3,3,immoral_real_item12,6,immoral,real,12,5,1,5,4,1,Control
7,24,1,4,5,1,moral_fake_item1,1,moral,fake,1,4,4,3,4,4,Control
7,24,1,4,5,1,moral_fake_item2,5,moral,fake,2,3,1,2,2,4,Control
7,24,1,4,5,1,moral_fake_item3,1,moral,fake,3,4,3,3,4,4,Control
7,24,1,4,5,1,moral_real_item4,1,moral,real,4,3,5,3,4,4,Control
7,24,1,4,5,1,moral_real_item5,5,moral,real,5,4,3,3,3,3,Control
7,24,1,4,5,1,moral_real_item6,4,moral,real,6,4,1,3,3,4,Control
7,24,1,4,5,1,immoral_fake_item7,5,immoral,fake,7,2,4,2,3,3,Control
7,24,1,4,5,1,immoral_fake_item8,4,immoral,fake,8,2,3,2,4,2,Control
7,24,1,4,5,1,immoral_fake_item9,2,immoral,fake,9,3,1,3,4,2,Control
7,24,1,4,5,1,immoral_real_item10,6,immoral,real,10,4,2,3,4,2,Control
7,24,1,4,5,1,immoral_real_item11,3,immoral,real,11,2,4,4,3,2,Control
7,24,1,4,5,1,immoral_real_item12,4,immoral,real,12,3,2,4,3,2,Control
8,25,2,5,2,3,moral_fake_item1,6,moral,fake,1,3,4,1,1,3,Control
8,25,2,5,2,3,moral_fake_item2,3,moral,fake,2,3,3,1,2,5,Control
8,25,2,5,2,3,moral_fake_item3,5,moral,fake,3,4,4,1,2,3,Control
8,25,2,5,2,3,moral_real_item4,6,moral,real,4,4,4,1,1,5,Control
8,25,2,5,2,3,moral_real_item5,4,moral,real,5,4,2,1,3,5,Control
8,25,2,5,2,3,moral_real_item6,4,moral,real,6,3,3,1,1,5,Control
8,25,2,5,2,3,immoral_fake_item7,5,immoral,fake,7,2,4,1,1,1,Control
8,25,2,5,2,3,immoral_fake_item8,5,immoral,fake,8,2,3,1,2,1,Control
8,25,2,5,2,3,immoral_fake_item9,6,immoral,fake,9,3,3,1,2,1,Control
8,25,2,5,2,3,immoral_real_item10,6,immoral,real,10,4,4,3,2,1,Control
8,25,2,5,2,3,immoral_real_item11,4,immoral,real,11,5,3,3,3,1,Control
8,25,2,5,2,3,immoral_real_item12,6,immoral,real,12,3,3,1,1,1,Control
9,21,2,4,1,3,moral_fake_item1,2,moral,fake,1,5,1,2,4,5,Control
9,21,2,4,1,3,moral_fake_item2,1,moral,fake,2,4,1,3,4,5,Control
9,21,2,4,1,3,moral_fake_item3,3,moral,fake,3,4,2,2,2,4,Control
9,21,2,4,1,3,moral_real_item4,2,moral,real,4,4,4,3,3,3,Control
9,21,2,4,1,3,moral_real_item5,1,moral,real,5,4,2,2,5,3,Control
9,21,2,4,1,3,moral_real_item6,2,moral,real,6,4,1,2,3,5,Control
9,21,2,4,1,3,immoral_fake_item7,2,immoral,fake,7,4,2,1,3,1,Control
9,21,2,4,1,3,immoral_fake_item8,2,immoral,fake,8,3,4,2,5,1,Control
9,21,2,4,1,3,immoral_fake_item9,2,immoral,fake,9,3,3,2,4,2,Control
9,21,2,4,1,3,immoral_real_item10,2,immoral,real,10,4,2,3,4,2,Control
9,21,2,4,1,3,immoral_real_item11,1,immoral,real,11,4,3,3,5,1,Control
9,21,2,4,1,3,immoral_real_item12,1,immoral,real,12,4,2,3,3,1,Control
10,19,1,4,2,4,moral_fake_item1,2,moral,fake,1,4,1,4,4,5,Control
10,19,1,4,2,4,moral_fake_item2,3,moral,fake,2,4,1,3,4,5,Control
10,19,1,4,2,4,moral_fake_item3,4,moral,fake,3,3,2,3,4,5,Control
10,19,1,4,2,4,moral_real_item4,3,moral,real,4,5,2,3,3,4,Control
10,19,1,4,2,4,moral_real_item5,2,moral,real,5,4,2,3,4,4,Control
10,19,1,4,2,4,moral_real_item6,3,moral,real,6,4,1,2,3,4,Control
10,19,1,4,2,4,immoral_fake_item7,5,immoral,fake,7,4,1,3,4,1,Control
10,19,1,4,2,4,immoral_fake_item8,2,immoral,fake,8,3,2,3,3,1,Control
10,19,1,4,2,4,immoral_fake_item9,2,immoral,fake,9,3,1,2,4,1,Control
10,19,1,4,2,4,immoral_real_item10,2,immoral,real,10,4,2,4,4,1,Control
10,19,1,4,2,4,immoral_real_item11,4,immoral,real,11,3,2,2,3,1,Control
10,19,1,4,2,4,immoral_real_item12,3,immoral,real,12,4,1,3,4,1,Control
11,20,2,4,2,5,moral_fake_item1,2,moral,fake,1,4,4,3,4,5,Control
11,20,2,4,2,5,moral_fake_item2,2,moral,fake,2,3,4,5,4,5,Control
11,20,2,4,2,5,moral_fake_item3,4,moral,fake,3,1,5,4,2,4,Control
11,20,2,4,2,5,moral_real_item4,4,moral,real,4,3,4,1,3,3,Control
11,20,2,4,2,5,moral_real_item5,2,moral,real,5,4,3,3,5,3,Control
11,20,2,4,2,5,moral_real_item6,3,moral,real,6,3,5,4,4,3,Control
11,20,2,4,2,5,immoral_fake_item7,3,immoral,fake,7,3,4,4,5,1,Control
11,20,2,4,2,5,immoral_fake_item8,2,immoral,fake,8,2,5,3,5,1,Control
11,20,2,4,2,5,immoral_fake_item9,2,immoral,fake,9,1,5,4,5,1,Control
11,20,2,4,2,5,immoral_real_item10,5,immoral,real,10,3,2,4,3,1,Control
11,20,2,4,2,5,immoral_real_item11,4,immoral,real,11,2,4,4,5,2,Control
11,20,2,4,2,5,immoral_real_item12,5,immoral,real,12,4,5,4,4,1,Control
12,21,2,4,1,1,moral_fake_item1,1,moral,fake,1,4,2,4,4,5,Control
12,21,2,4,1,1,moral_fake_item2,1,moral,fake,2,3,3,3,3,4,Control
12,21,2,4,1,1,moral_fake_item3,2,moral,fake,3,3,4,3,3,4,Control
12,21,2,4,1,1,moral_real_item4,2,moral,real,4,4,3,3,4,4,Control
12,21,2,4,1,1,moral_real_item5,1,moral,real,5,4,3,3,4,4,Control
12,21,2,4,1,1,moral_real_item6,1,moral,real,6,4,4,4,3,4,Control
12,21,2,4,1,1,immoral_fake_item7,2,immoral,fake,7,3,4,2,2,1,Control
12,21,2,4,1,1,immoral_fake_item8,6,immoral,fake,8,2,4,3,2,3,Control
12,21,2,4,1,1,immoral_fake_item9,1,immoral,fake,9,3,4,2,3,1,Control
12,21,2,4,1,1,immoral_real_item10,2,immoral,real,10,4,4,3,4,2,Control
12,21,2,4,1,1,immoral_real_item11,6,immoral,real,11,3,4,2,3,1,Control
12,21,2,4,1,1,immoral_real_item12,6,immoral,real,12,3,4,2,2,1,Control
13,20,2,4,3,5,moral_fake_item1,1,moral,fake,1,4,2,5,5,5,Control
13,20,2,4,3,5,moral_fake_item2,5,moral,fake,2,3,1,1,1,4,Control
13,20,2,4,3,5,moral_fake_item3,1,moral,fake,3,3,3,3,4,4,Control
13,20,2,4,3,5,moral_real_item4,1,moral,real,4,5,1,5,5,5,Control
13,20,2,4,3,5,moral_real_item5,1,moral,real,5,4,2,4,5,5,Control
13,20,2,4,3,5,moral_real_item6,1,moral,real,6,5,1,5,4,5,Control
13,20,2,4,3,5,immoral_fake_item7,6,immoral,fake,7,3,3,1,1,1,Control
13,20,2,4,3,5,immoral_fake_item8,3,immoral,fake,8,3,4,4,5,1,Control
13,20,2,4,3,5,immoral_fake_item9,4,immoral,fake,9,4,3,5,4,1,Control
13,20,2,4,3,5,immoral_real_item10,1,immoral,real,10,4,3,5,5,1,Control
13,20,2,4,3,5,immoral_real_item11,6,immoral,real,11,3,4,1,1,3,Control
13,20,2,4,3,5,immoral_real_item12,5,immoral,real,12,1,4,1,1,1,Control
14,25,2,4,1,6,moral_fake_item1,6,moral,fake,1,4,5,4,3,5,Control
14,25,2,4,1,6,moral_fake_item2,6,moral,fake,2,4,5,5,4,4,Control
14,25,2,4,1,6,moral_fake_item3,6,moral,fake,3,4,5,5,4,4,Control
14,25,2,4,1,6,moral_real_item4,4,moral,real,4,4,3,4,3,5,Control
14,25,2,4,1,6,moral_real_item5,6,moral,real,5,3,3,4,5,4,Control
14,25,2,4,1,6,moral_real_item6,5,moral,real,6,4,3,4,3,5,Control
14,25,2,4,1,6,immoral_fake_item7,3,immoral,fake,7,4,3,4,3,5,Control
14,25,2,4,1,6,immoral_fake_item8,6,immoral,fake,8,4,2,5,4,4,Control
14,25,2,4,1,6,immoral_fake_item9,6,immoral,fake,9,3,3,5,4,4,Control
14,25,2,4,1,6,immoral_real_item10,5,immoral,real,10,5,3,3,4,4,Control
14,25,2,4,1,6,immoral_real_item11,4,immoral,real,11,5,3,3,4,4,Control
14,25,2,4,1,6,immoral_real_item12,6,immoral,real,12,4,5,4,4,5,Control
15,20,1,4,3,4,moral_fake_item1,4,moral,fake,1,5,1,5,4,4,Control
15,20,1,4,3,4,moral_fake_item2,5,moral,fake,2,5,1,4,4,5,Control
15,20,1,4,3,4,moral_fake_item3,4,moral,fake,3,5,2,5,5,5,Control
15,20,1,4,3,4,moral_real_item4,4,moral,real,4,5,1,4,3,5,Control
15,20,1,4,3,4,moral_real_item5,4,moral,real,5,5,1,3,3,4,Control
15,20,1,4,3,4,moral_real_item6,3,moral,real,6,4,2,3,4,3,Control
15,20,1,4,3,4,immoral_fake_item7,6,immoral,fake,7,5,1,4,5,1,Control
15,20,1,4,3,4,immoral_fake_item8,5,immoral,fake,8,5,1,4,5,1,Control
15,20,1,4,3,4,immoral_fake_item9,6,immoral,fake,9,5,1,5,4,1,Control
15,20,1,4,3,4,immoral_real_item10,5,immoral,real,10,5,1,4,4,1,Control
15,20,1,4,3,4,immoral_real_item11,5,immoral,real,11,5,1,5,4,1,Control
15,20,1,4,3,4,immoral_real_item12,6,immoral,real,12,4,1,4,5,1,Control
16,25,2,4,3,7,moral_fake_item1,5,moral,fake,1,5,1,3,5,5,Control
16,25,2,4,3,7,moral_fake_item2,5,moral,fake,2,3,3,3,4,4,Control
16,25,2,4,3,7,moral_fake_item3,6,moral,fake,3,2,4,2,3,4,Control
16,25,2,4,3,7,moral_real_item4,6,moral,real,4,4,4,3,4,4,Control
16,25,2,4,3,7,moral_real_item5,3,moral,real,5,2,3,2,3,4,Control
16,25,2,4,3,7,moral_real_item6,5,moral,real,6,3,4,2,4,3,Control
16,25,2,4,3,7,immoral_fake_item7,6,immoral,fake,7,1,3,1,5,1,Control
16,25,2,4,3,7,immoral_fake_item8,4,immoral,fake,8,4,5,3,5,1,Control
16,25,2,4,3,7,immoral_fake_item9,4,immoral,fake,9,3,2,4,3,1,Control
16,25,2,4,3,7,immoral_real_item10,6,immoral,real,10,5,4,4,3,1,Control
16,25,2,4,3,7,immoral_real_item11,6,immoral,real,11,4,3,3,4,1,Control
16,25,2,4,3,7,immoral_real_item12,6,immoral,real,12,4,3,3,4,1,Control
17,21,2,4,2,2,moral_fake_item1,1,moral,fake,1,4,4,4,4,4,Control
17,21,2,4,2,2,moral_fake_item2,2,moral,fake,2,2,2,2,2,4,Control
17,21,2,4,2,2,moral_fake_item3,3,moral,fake,3,3,2,2,2,3,Control
17,21,2,4,2,2,moral_real_item4,1,moral,real,4,4,4,4,4,3,Control
17,21,2,4,2,2,moral_real_item5,2,moral,real,5,3,2,1,2,4,Control
17,21,2,4,2,2,moral_real_item6,1,moral,real,6,4,3,3,3,4,Control
17,21,2,4,2,2,immoral_fake_item7,1,immoral,fake,7,3,2,4,4,2,Control
17,21,2,4,2,2,immoral_fake_item8,1,immoral,fake,8,4,4,4,4,1,Control
17,21,2,4,2,2,immoral_fake_item9,1,immoral,fake,9,3,2,2,3,2,Control
17,21,2,4,2,2,immoral_real_item10,4,immoral,real,10,4,4,4,3,2,Control
17,21,2,4,2,2,immoral_real_item11,6,immoral,real,11,4,4,4,2,1,Control
17,21,2,4,2,2,immoral_real_item12,2,immoral,real,12,4,4,3,3,2,Control
18,19,2,4,2,6,moral_fake_item1,1,moral,fake,1,3,1,3,4,5,Control
18,19,2,4,2,6,moral_fake_item2,3,moral,fake,2,4,1,3,3,5,Control
18,19,2,4,2,6,moral_fake_item3,1,moral,fake,3,3,3,3,2,3,Control
18,19,2,4,2,6,moral_real_item4,1,moral,real,4,4,3,3,3,3,Control
18,19,2,4,2,6,moral_real_item5,6,moral,real,5,3,1,4,2,1,Control
18,19,2,4,2,6,moral_real_item6,1,moral,real,6,3,3,3,4,4,Control
18,19,2,4,2,6,immoral_fake_item7,3,immoral,fake,7,3,1,3,3,2,Control
18,19,2,4,2,6,immoral_fake_item8,1,immoral,fake,8,3,1,3,4,3,Control
18,19,2,4,2,6,immoral_fake_item9,1,immoral,fake,9,2,3,3,3,3,Control
18,19,2,4,2,6,immoral_real_item10,6,immoral,real,10,2,3,3,2,3,Control
18,19,2,4,2,6,immoral_real_item11,6,immoral,real,11,3,3,1,2,3,Control
18,19,2,4,2,6,immoral_real_item12,6,immoral,real,12,4,3,3,1,2,Control
19,21,2,4,3,2,moral_fake_item1,2,moral,fake,1,4,2,4,4,4,Control
19,21,2,4,3,2,moral_fake_item2,4,moral,fake,2,4,2,2,3,3,Control
19,21,2,4,3,2,moral_fake_item3,5,moral,fake,3,2,2,4,4,4,Control
19,21,2,4,3,2,moral_real_item4,3,moral,real,4,4,2,2,2,4,Control
19,21,2,4,3,2,moral_real_item5,4,moral,real,5,4,4,2,2,3,Control
19,21,2,4,3,2,moral_real_item6,3,moral,real,6,4,2,4,4,4,Control
19,21,2,4,3,2,immoral_fake_item7,3,immoral,fake,7,2,2,2,2,2,Control
19,21,2,4,3,2,immoral_fake_item8,5,immoral,fake,8,4,2,2,4,2,Control
19,21,2,4,3,2,immoral_fake_item9,4,immoral,fake,9,4,2,4,4,2,Control
19,21,2,4,3,2,immoral_real_item10,4,immoral,real,10,4,2,4,3,2,Control
19,21,2,4,3,2,immoral_real_item11,5,immoral,real,11,4,2,4,4,2,Control
19,21,2,4,3,2,immoral_real_item12,4,immoral,real,12,2,2,2,2,1,Control
20,29,2,4,4,1,moral_fake_item1,1,moral,fake,1,4,1,3,4,5,Control
20,29,2,4,4,1,moral_fake_item2,1,moral,fake,2,3,1,1,4,2,Control
20,29,2,4,4,1,moral_fake_item3,1,moral,fake,3,2,1,2,3,4,Control
20,29,2,4,4,1,moral_real_item4,1,moral,real,4,2,1,4,3,4,Control
20,29,2,4,4,1,moral_real_item5,1,moral,real,5,2,2,3,4,3,Control
20,29,2,4,4,1,moral_real_item6,5,moral,real,6,4,1,3,3,5,Control
20,29,2,4,4,1,immoral_fake_item7,4,immoral,fake,7,3,1,3,4,1,Control
20,29,2,4,4,1,immoral_fake_item8,4,immoral,fake,8,2,2,1,2,1,Control
20,29,2,4,4,1,immoral_fake_item9,1,immoral,fake,9,3,1,2,3,2,Control
20,29,2,4,4,1,immoral_real_item10,1,immoral,real,10,3,1,3,3,1,Control
20,29,2,4,4,1,immoral_real_item11,4,immoral,real,11,2,3,2,3,3,Control
20,29,2,4,4,1,immoral_real_item12,2,immoral,real,12,3,1,2,2,2,Control
21,24,2,5,3,2,moral_fake_item1,2,moral,fake,1,4,2,3,3,4,Control
21,24,2,5,3,2,moral_fake_item2,2,moral,fake,2,5,2,3,4,5,Control
21,24,2,5,3,2,moral_fake_item3,4,moral,fake,3,4,2,3,2,4,Control
21,24,2,5,3,2,moral_real_item4,2,moral,real,4,4,2,3,4,4,Control
21,24,2,5,3,2,moral_real_item5,2,moral,real,5,4,4,1,4,3,Control
21,24,2,5,3,2,moral_real_item6,2,moral,real,6,4,2,3,4,4,Control
21,24,2,5,3,2,immoral_fake_item7,4,immoral,fake,7,4,2,2,4,1,Control
21,24,2,5,3,2,immoral_fake_item8,1,immoral,fake,8,5,2,5,5,1,Control
21,24,2,5,3,2,immoral_fake_item9,4,immoral,fake,9,4,2,4,4,2,Control
21,24,2,5,3,2,immoral_real_item10,2,immoral,real,10,4,2,2,3,4,Control
21,24,2,5,3,2,immoral_real_item11,4,immoral,real,11,4,2,4,4,4,Control
21,24,2,5,3,2,immoral_real_item12,4,immoral,real,12,4,2,2,4,2,Control
22,20,2,4,3,4,moral_fake_item1,3,moral,fake,1,4,2,4,4,4,Control
22,20,2,4,3,4,moral_fake_item2,4,moral,fake,2,3,3,3,2,3,Control
22,20,2,4,3,4,moral_fake_item3,4,moral,fake,3,2,2,4,2,3,Control
22,20,2,4,3,4,moral_real_item4,4,moral,real,4,4,2,4,3,4,Control
22,20,2,4,3,4,moral_real_item5,4,moral,real,5,4,2,4,4,4,Control
22,20,2,4,3,4,moral_real_item6,1,moral,real,6,5,1,5,5,5,Control
22,20,2,4,3,4,immoral_fake_item7,4,immoral,fake,7,1,2,2,1,2,Control
22,20,2,4,3,4,immoral_fake_item8,4,immoral,fake,8,3,2,3,3,3,Control
22,20,2,4,3,4,immoral_fake_item9,4,immoral,fake,9,4,2,2,3,2,Control
22,20,2,4,3,4,immoral_real_item10,4,immoral,real,10,3,2,2,3,3,Control
22,20,2,4,3,4,immoral_real_item11,4,immoral,real,11,3,2,2,2,3,Control
22,20,2,4,3,4,immoral_real_item12,4,immoral,real,12,3,2,2,2,2,Control
23,25,1,4,1,3,moral_fake_item1,2,moral,fake,1,4,2,5,4,5,Control
23,25,1,4,1,3,moral_fake_item2,4,moral,fake,2,4,3,3,3,4,Control
23,25,1,4,1,3,moral_fake_item3,2,moral,fake,3,3,2,4,2,4,Control
23,25,1,4,1,3,moral_real_item4,3,moral,real,4,4,1,4,4,4,Control
23,25,1,4,1,3,moral_real_item5,5,moral,real,5,4,4,2,4,4,Control
23,25,1,4,1,3,moral_real_item6,4,moral,real,6,3,3,4,3,4,Control
23,25,1,4,1,3,immoral_fake_item7,1,immoral,fake,7,4,2,4,4,3,Control
23,25,1,4,1,3,immoral_fake_item8,1,immoral,fake,8,2,2,4,5,1,Control
23,25,1,4,1,3,immoral_fake_item9,2,immoral,fake,9,4,2,3,4,1,Control
23,25,1,4,1,3,immoral_real_item10,4,immoral,real,10,4,2,4,4,3,Control
23,25,1,4,1,3,immoral_real_item11,1,immoral,real,11,2,2,3,4,1,Control
23,25,1,4,1,3,immoral_real_item12,4,immoral,real,12,1,2,2,3,1,Control
24,24,1,5,1,2,moral_fake_item1,1,moral,fake,1,5,1,2,4,5,Control
24,24,1,5,1,2,moral_fake_item2,3,moral,fake,2,2,4,1,3,5,Control
24,24,1,5,1,2,moral_fake_item3,3,moral,fake,3,2,4,2,4,5,Control
24,24,1,5,1,2,moral_real_item4,1,moral,real,4,4,2,1,3,5,Control
24,24,1,5,1,2,moral_real_item5,3,moral,real,5,2,5,1,4,5,Control
24,24,1,5,1,2,moral_real_item6,1,moral,real,6,5,2,3,5,5,Control
24,24,1,5,1,2,immoral_fake_item7,6,immoral,fake,7,2,4,1,1,1,Control
24,24,1,5,1,2,immoral_fake_item8,2,immoral,fake,8,5,2,2,5,1,Control
24,24,1,5,1,2,immoral_fake_item9,3,immoral,fake,9,4,2,3,5,1,Control
24,24,1,5,1,2,immoral_real_item10,1,immoral,real,10,5,1,4,5,1,Control
24,24,1,5,1,2,immoral_real_item11,5,immoral,real,11,2,4,1,2,1,Control
24,24,1,5,1,2,immoral_real_item12,6,immoral,real,12,4,3,1,1,1,Control
25,28,1,4,2,3,moral_fake_item1,3,moral,fake,1,4,3,3,4,4,Control
25,28,1,4,2,3,moral_fake_item2,2,moral,fake,2,4,1,3,4,5,Control
25,28,1,4,2,3,moral_fake_item3,1,moral,fake,3,5,2,4,5,4,Control
25,28,1,4,2,3,moral_real_item4,1,moral,real,4,5,1,3,5,5,Control
25,28,1,4,2,3,moral_real_item5,4,moral,real,5,2,3,1,3,3,Control
25,28,1,4,2,3,moral_real_item6,2,moral,real,6,4,2,3,4,4,Control
25,28,1,4,2,3,immoral_fake_item7,5,immoral,fake,7,2,3,1,1,2,Control
25,28,1,4,2,3,immoral_fake_item8,6,immoral,fake,8,1,2,2,1,2,Control
25,28,1,4,2,3,immoral_fake_item9,1,immoral,fake,9,5,2,4,4,2,Control
25,28,1,4,2,3,immoral_real_item10,6,immoral,real,10,3,2,2,1,2,Control
25,28,1,4,2,3,immoral_real_item11,6,immoral,real,11,2,1,2,2,1,Control
25,28,1,4,2,3,immoral_real_item12,4,immoral,real,12,1,3,3,2,1,Control
26,23,1,4,2,4,moral_fake_item1,4,moral,fake,1,5,1,3,3,3,Control
26,23,1,4,2,4,moral_fake_item2,3,moral,fake,2,5,1,4,4,3,Control
26,23,1,4,2,4,moral_fake_item3,5,moral,fake,3,5,1,5,5,1,Control
26,23,1,4,2,4,moral_real_item4,3,moral,real,4,5,1,3,4,3,Control
26,23,1,4,2,4,moral_real_item5,3,moral,real,5,5,1,4,3,3,Control
26,23,1,4,2,4,moral_real_item6,3,moral,real,6,5,1,3,3,5,Control
26,23,1,4,2,4,immoral_fake_item7,6,immoral,fake,7,5,1,5,4,1,Control
26,23,1,4,2,4,immoral_fake_item8,5,immoral,fake,8,5,1,5,5,1,Control
26,23,1,4,2,4,immoral_fake_item9,6,immoral,fake,9,5,1,4,5,1,Control
26,23,1,4,2,4,immoral_real_item10,5,immoral,real,10,5,1,5,5,1,Control
26,23,1,4,2,4,immoral_real_item11,6,immoral,real,11,5,1,4,4,1,Control
26,23,1,4,2,4,immoral_real_item12,6,immoral,real,12,5,1,4,4,1,Control
27,20,1,4,1,3,moral_fake_item1,3,moral,fake,1,2,4,4,3,4,Control
27,20,1,4,1,3,moral_fake_item2,2,moral,fake,2,1,2,2,2,3,Control
27,20,1,4,1,3,moral_fake_item3,5,moral,fake,3,4,3,4,3,1,Control
27,20,1,4,1,3,moral_real_item4,3,moral,real,4,5,2,5,4,4,Control
27,20,1,4,1,3,moral_real_item5,2,moral,real,5,4,3,3,3,4,Control
27,20,1,4,1,3,moral_real_item6,3,moral,real,6,5,2,5,4,4,Control
27,20,1,4,1,3,immoral_fake_item7,6,immoral,fake,7,2,4,1,2,1,Control
27,20,1,4,1,3,immoral_fake_item8,6,immoral,fake,8,3,4,1,2,1,Control
27,20,1,4,1,3,immoral_fake_item9,6,immoral,fake,9,1,4,3,2,1,Control
27,20,1,4,1,3,immoral_real_item10,6,immoral,real,10,4,3,4,2,2,Control
27,20,1,4,1,3,immoral_real_item11,6,immoral,real,11,4,3,4,3,1,Control
27,20,1,4,1,3,immoral_real_item12,6,immoral,real,12,3,4,3,2,1,Control
28,22,1,4,2,6,moral_fake_item1,1,moral,fake,1,5,1,4,5,5,Control
28,22,1,4,2,6,moral_fake_item2,3,moral,fake,2,4,1,1,4,5,Control
28,22,1,4,2,6,moral_fake_item3,2,moral,fake,3,1,1,1,3,3,Control
28,22,1,4,2,6,moral_real_item4,1,moral,real,4,5,1,4,5,5,Control
28,22,1,4,2,6,moral_real_item5,2,moral,real,5,3,3,1,5,5,Control
28,22,1,4,2,6,moral_real_item6,2,moral,real,6,4,2,2,4,5,Control
28,22,1,4,2,6,immoral_fake_item7,3,immoral,fake,7,3,2,1,4,1,Control
28,22,1,4,2,6,immoral_fake_item8,2,immoral,fake,8,4,3,4,5,1,Control
28,22,1,4,2,6,immoral_fake_item9,1,immoral,fake,9,3,2,3,4,1,Control
28,22,1,4,2,6,immoral_real_item10,3,immoral,real,10,4,2,3,5,1,Control
28,22,1,4,2,6,immoral_real_item11,4,immoral,real,11,3,3,2,4,1,Control
28,22,1,4,2,6,immoral_real_item12,2,immoral,real,12,4,2,4,5,1,Control
30,18,2,4,1,5,moral_fake_item1,1,moral,fake,1,5,1,4,5,4,Control
30,18,2,4,1,5,moral_fake_item2,2,moral,fake,2,4,1,4,3,5,Control
30,18,2,4,1,5,moral_fake_item3,1,moral,fake,3,3,2,4,3,4,Control
30,18,2,4,1,5,moral_real_item4,1,moral,real,4,4,2,4,3,3,Control
30,18,2,4,1,5,moral_real_item5,4,moral,real,5,4,2,4,3,3,Control
30,18,2,4,1,5,moral_real_item6,2,moral,real,6,4,1,4,3,3,Control
30,18,2,4,1,5,immoral_fake_item7,4,immoral,fake,7,4,1,4,2,1,Control
30,18,2,4,1,5,immoral_fake_item8,2,immoral,fake,8,4,2,4,4,1,Control
30,18,2,4,1,5,immoral_fake_item9,3,immoral,fake,9,3,2,4,3,2,Control
30,18,2,4,1,5,immoral_real_item10,4,immoral,real,10,4,2,4,3,1,Control
30,18,2,4,1,5,immoral_real_item11,5,immoral,real,11,4,2,4,3,2,Control
30,18,2,4,1,5,immoral_real_item12,4,immoral,real,12,4,1,3,2,1,Control
31,20,2,4,2,5,moral_fake_item1,5,moral,fake,1,4,3,4,4,4,Control
31,20,2,4,2,5,moral_fake_item2,5,moral,fake,2,3,3,2,3,3,Control
31,20,2,4,2,5,moral_fake_item3,4,moral,fake,3,3,3,3,3,4,Control
31,20,2,4,2,5,moral_real_item4,4,moral,real,4,4,3,4,3,4,Control
31,20,2,4,2,5,moral_real_item5,3,moral,real,5,2,2,4,4,4,Control
31,20,2,4,2,5,moral_real_item6,4,moral,real,6,4,2,4,3,4,Control
31,20,2,4,2,5,immoral_fake_item7,4,immoral,fake,7,4,2,1,4,2,Control
31,20,2,4,2,5,immoral_fake_item8,5,immoral,fake,8,3,3,2,4,2,Control
31,20,2,4,2,5,immoral_fake_item9,4,immoral,fake,9,4,4,5,3,1,Control
31,20,2,4,2,5,immoral_real_item10,4,immoral,real,10,4,3,4,4,1,Control
31,20,2,4,2,5,immoral_real_item11,5,immoral,real,11,3,3,3,3,2,Control
31,20,2,4,2,5,immoral_real_item12,4,immoral,real,12,3,3,2,3,1,Control
32,24,2,5,1,6,moral_fake_item1,1,moral,fake,1,5,1,2,3,5,Control
32,24,2,5,1,6,moral_fake_item2,1,moral,fake,2,4,1,2,2,4,Control
32,24,2,5,1,6,moral_fake_item3,2,moral,fake,3,3,2,2,2,4,Control
32,24,2,5,1,6,moral_real_item4,2,moral,real,4,5,1,2,2,5,Control
32,24,2,5,1,6,moral_real_item5,1,moral,real,5,5,1,4,3,3,Control
32,24,2,5,1,6,moral_real_item6,1,moral,real,6,5,1,5,4,5,Control
32,24,2,5,1,6,immoral_fake_item7,2,immoral,fake,7,2,3,1,2,1,Control
32,24,2,5,1,6,immoral_fake_item8,6,immoral,fake,8,1,1,2,3,1,Control
32,24,2,5,1,6,immoral_fake_item9,6,immoral,fake,9,3,4,1,2,1,Control
32,24,2,5,1,6,immoral_real_item10,4,immoral,real,10,4,2,3,2,1,Control
32,24,2,5,1,6,immoral_real_item11,5,immoral,real,11,5,1,3,2,2,Control
32,24,2,5,1,6,immoral_real_item12,6,immoral,real,12,4,1,1,2,1,Control
33,23,1,4,1,3,moral_fake_item1,2,moral,fake,1,4,1,3,2,5,Control
33,23,1,4,1,3,moral_fake_item2,2,moral,fake,2,3,1,4,2,5,Control
33,23,1,4,1,3,moral_fake_item3,2,moral,fake,3,2,1,5,3,3,Control
33,23,1,4,1,3,moral_real_item4,1,moral,real,4,2,1,4,2,4,Control
33,23,1,4,1,3,moral_real_item5,1,moral,real,5,3,3,1,1,2,Control
33,23,1,4,1,3,moral_real_item6,1,moral,real,6,3,5,3,2,3,Control
33,23,1,4,1,3,immoral_fake_item7,1,immoral,fake,7,1,2,1,2,1,Control
33,23,1,4,1,3,immoral_fake_item8,3,immoral,fake,8,4,1,3,4,1,Control
33,23,1,4,1,3,immoral_fake_item9,3,immoral,fake,9,4,1,2,4,1,Control
33,23,1,4,1,3,immoral_real_item10,2,immoral,real,10,3,2,3,2,1,Control
33,23,1,4,1,3,immoral_real_item11,1,immoral,real,11,4,3,4,3,2,Control
33,23,1,4,1,3,immoral_real_item12,1,immoral,real,12,4,3,4,3,1,Control
34,54,2,4,3,3,moral_fake_item1,1,moral,fake,1,4,1,5,5,4,Control
34,54,2,4,3,3,moral_fake_item2,2,moral,fake,2,3,2,2,3,3,Control
34,54,2,4,3,3,moral_fake_item3,3,moral,fake,3,3,2,3,3,4,Control
34,54,2,4,3,3,moral_real_item4,1,moral,real,4,5,1,4,4,5,Control
34,54,2,4,3,3,moral_real_item5,1,moral,real,5,5,1,3,5,4,Control
34,54,2,4,3,3,moral_real_item6,1,moral,real,6,4,2,3,4,4,Control
34,54,2,4,3,3,immoral_fake_item7,3,immoral,fake,7,1,2,2,1,1,Control
34,54,2,4,3,3,immoral_fake_item8,1,immoral,fake,8,4,1,5,5,1,Control
34,54,2,4,3,3,immoral_fake_item9,1,immoral,fake,9,4,2,2,5,3,Control
34,54,2,4,3,3,immoral_real_item10,1,immoral,real,10,4,1,5,5,1,Control
34,54,2,4,3,3,immoral_real_item11,3,immoral,real,11,4,2,3,2,1,Control
34,54,2,4,3,3,immoral_real_item12,2,immoral,real,12,3,2,3,4,1,Control
35,55,2,4,3,3,moral_fake_item1,1,moral,fake,1,5,1,5,4,5,Control
35,55,2,4,3,3,moral_fake_item2,1,moral,fake,2,3,1,3,4,4,Control
35,55,2,4,3,3,moral_fake_item3,3,moral,fake,3,2,2,2,2,3,Control
35,55,2,4,3,3,moral_real_item4,1,moral,real,4,5,1,4,5,4,Control
35,55,2,4,3,3,moral_real_item5,1,moral,real,5,4,1,2,4,5,Control
35,55,2,4,3,3,moral_real_item6,1,moral,real,6,4,2,2,3,3,Control
35,55,2,4,3,3,immoral_fake_item7,3,immoral,fake,7,1,2,2,1,1,Control
35,55,2,4,3,3,immoral_fake_item8,1,immoral,fake,8,5,1,4,5,1,Control
35,55,2,4,3,3,immoral_fake_item9,2,immoral,fake,9,3,2,2,4,3,Control
35,55,2,4,3,3,immoral_real_item10,1,immoral,real,10,5,1,4,5,1,Control
35,55,2,4,3,3,immoral_real_item11,3,immoral,real,11,4,1,2,4,1,Control
35,55,2,4,3,3,immoral_real_item12,3,immoral,real,12,4,1,4,5,1,Control
36,20,2,4,4,2,moral_fake_item1,1,moral,fake,1,5,1,3,5,5,Control
36,20,2,4,4,2,moral_fake_item2,1,moral,fake,2,4,1,3,3,3,Control
36,20,2,4,4,2,moral_fake_item3,5,moral,fake,3,4,1,3,5,5,Control
36,20,2,4,4,2,moral_real_item4,1,moral,real,4,5,1,5,5,5,Control
36,20,2,4,4,2,moral_real_item5,1,moral,real,5,4,3,3,3,4,Control
36,20,2,4,4,2,moral_real_item6,2,moral,real,6,5,1,3,5,5,Control
36,20,2,4,4,2,immoral_fake_item7,1,immoral,fake,7,5,1,3,4,1,Control
36,20,2,4,4,2,immoral_fake_item8,1,immoral,fake,8,4,2,4,5,1,Control
36,20,2,4,4,2,immoral_fake_item9,1,immoral,fake,9,5,1,3,5,1,Control
36,20,2,4,4,2,immoral_real_item10,4,immoral,real,10,5,1,3,3,2,Control
36,20,2,4,4,2,immoral_real_item11,6,immoral,real,11,3,1,3,3,1,Control
36,20,2,4,4,2,immoral_real_item12,3,immoral,real,12,5,1,3,4,1,Control
37,24,2,5,1,4,moral_fake_item1,6,moral,fake,1,3,2,4,2,2,Control
37,24,2,5,1,4,moral_fake_item2,6,moral,fake,2,5,1,5,4,2,Control
37,24,2,5,1,4,moral_fake_item3,1,moral,fake,3,1,1,4,1,1,Control
37,24,2,5,1,4,moral_real_item4,4,moral,real,4,5,1,3,3,5,Control
37,24,2,5,1,4,moral_real_item5,6,moral,real,5,4,5,3,5,4,Control
37,24,2,5,1,4,moral_real_item6,6,moral,real,6,4,1,2,4,2,Control
37,24,2,5,1,4,immoral_fake_item7,4,immoral,fake,7,2,3,3,2,2,Control
37,24,2,5,1,4,immoral_fake_item8,2,immoral,fake,8,3,1,4,5,2,Control
37,24,2,5,1,4,immoral_fake_item9,3,immoral,fake,9,3,2,4,5,3,Control
37,24,2,5,1,4,immoral_real_item10,5,immoral,real,10,3,2,3,4,2,Control
37,24,2,5,1,4,immoral_real_item11,4,immoral,real,11,4,1,3,4,2,Control
37,24,2,5,1,4,immoral_real_item12,2,immoral,real,12,3,2,1,3,1,Control
38,26,2,4,1,4,moral_fake_item1,6,moral,fake,1,4,1,4,5,5,Control
38,26,2,4,1,4,moral_fake_item2,6,moral,fake,2,4,1,4,4,3,Control
38,26,2,4,1,4,moral_fake_item3,1,moral,fake,3,2,1,2,3,3,Control
38,26,2,4,1,4,moral_real_item4,6,moral,real,4,5,1,5,5,5,Control
38,26,2,4,1,4,moral_real_item5,5,moral,real,5,5,2,2,4,3,Control
38,26,2,4,1,4,moral_real_item6,6,moral,real,6,4,1,4,3,3,Control
38,26,2,4,1,4,immoral_fake_item7,3,immoral,fake,7,1,2,1,1,2,Control
38,26,2,4,1,4,immoral_fake_item8,6,immoral,fake,8,3,1,2,5,1,Control
38,26,2,4,1,4,immoral_fake_item9,6,immoral,fake,9,4,1,4,5,2,Control
38,26,2,4,1,4,immoral_real_item10,1,immoral,real,10,2,1,5,5,1,Control
38,26,2,4,1,4,immoral_real_item11,4,immoral,real,11,5,1,5,3,2,Control
38,26,2,4,1,4,immoral_real_item12,1,immoral,real,12,3,1,3,2,1,Control
39,21,2,4,2,4,moral_fake_item1,1,moral,fake,1,4,1,4,4,5,Control
39,21,2,4,2,4,moral_fake_item2,5,moral,fake,2,2,4,2,2,4,Control
39,21,2,4,2,4,moral_fake_item3,2,moral,fake,3,3,3,3,4,4,Control
39,21,2,4,2,4,moral_real_item4,1,moral,real,4,4,4,2,3,4,Control
39,21,2,4,2,4,moral_real_item5,1,moral,real,5,4,2,4,4,5,Control
39,21,2,4,2,4,moral_real_item6,5,moral,real,6,4,2,4,3,4,Control
39,21,2,4,2,4,immoral_fake_item7,5,immoral,fake,7,2,5,1,3,1,Control
39,21,2,4,2,4,immoral_fake_item8,1,immoral,fake,8,5,4,3,4,1,Control
39,21,2,4,2,4,immoral_fake_item9,6,immoral,fake,9,2,4,2,3,3,Control
39,21,2,4,2,4,immoral_real_item10,2,immoral,real,10,4,3,4,4,1,Control
39,21,2,4,2,4,immoral_real_item11,1,immoral,real,11,4,2,1,4,1,Control
39,21,2,4,2,4,immoral_real_item12,5,immoral,real,12,4,3,4,4,1,Control
40,18,2,4,1,2,moral_fake_item1,4,moral,fake,1,4,4,1,4,4,Control
40,18,2,4,1,2,moral_fake_item2,5,moral,fake,2,4,4,1,4,5,Control
40,18,2,4,1,2,moral_fake_item3,5,moral,fake,3,3,4,1,3,5,Control
40,18,2,4,1,2,moral_real_item4,4,moral,real,4,3,3,1,3,3,Control
40,18,2,4,1,2,moral_real_item5,5,moral,real,5,3,3,1,4,2,Control
40,18,2,4,1,2,moral_real_item6,3,moral,real,6,4,4,1,3,5,Control
40,18,2,4,1,2,immoral_fake_item7,5,immoral,fake,7,2,3,1,5,1,Control
40,18,2,4,1,2,immoral_fake_item8,4,immoral,fake,8,4,4,1,4,1,Control
40,18,2,4,1,2,immoral_fake_item9,3,immoral,fake,9,3,3,1,5,1,Control
40,18,2,4,1,2,immoral_real_item10,4,immoral,real,10,4,4,1,5,1,Control
40,18,2,4,1,2,immoral_real_item11,4,immoral,real,11,4,4,4,5,1,Control
40,18,2,4,1,2,immoral_real_item12,4,immoral,real,12,3,3,1,4,1,Control
42,18,2,4,1,7,moral_fake_item1,1,moral,fake,1,5,1,5,5,5,Acc
42,18,2,4,1,7,moral_fake_item2,6,moral,fake,2,2,2,4,3,5,Acc
42,18,2,4,1,7,moral_fake_item3,4,moral,fake,3,6,1,5,4,5,Acc
42,18,2,4,1,7,moral_real_item4,1,moral,real,4,4,1,4,4,3,Acc
42,18,2,4,1,7,moral_real_item5,4,moral,real,5,4,1,4,3,3,Acc
42,18,2,4,1,7,moral_real_item6,3,moral,real,6,6,1,4,3,4,Acc
42,18,2,4,1,7,immoral_fake_item7,6,immoral,fake,7,4,1,4,4,1,Acc
42,18,2,4,1,7,immoral_fake_item8,1,immoral,fake,8,5,1,5,5,5,Acc
42,18,2,4,1,7,immoral_fake_item9,5,immoral,fake,9,3,1,5,4,1,Acc
42,18,2,4,1,7,immoral_real_item10,2,immoral,real,10,6,1,5,5,1,Acc
42,18,2,4,1,7,immoral_real_item11,6,immoral,real,11,5,1,4,5,1,Acc
42,18,2,4,1,7,immoral_real_item12,6,immoral,real,12,4,2,4,4,1,Acc
44,20,2,4,2,2,moral_fake_item1,6,moral,fake,1,3,4,1,4,5,Acc
44,20,2,4,2,2,moral_fake_item2,6,moral,fake,2,1,4,2,2,5,Acc
44,20,2,4,2,2,moral_fake_item3,6,moral,fake,3,2,4,1,4,4,Acc
44,20,2,4,2,2,moral_real_item4,4,moral,real,4,2,4,1,3,5,Acc
44,20,2,4,2,2,moral_real_item5,2,moral,real,5,5,4,2,4,5,Acc
44,20,2,4,2,2,moral_real_item6,1,moral,real,6,6,2,5,3,5,Acc
44,20,2,4,2,2,immoral_fake_item7,6,immoral,fake,7,2,4,1,4,1,Acc
44,20,2,4,2,2,immoral_fake_item8,1,immoral,fake,8,5,3,3,5,1,Acc
44,20,2,4,2,2,immoral_fake_item9,6,immoral,fake,9,2,2,3,4,1,Acc
44,20,2,4,2,2,immoral_real_item10,1,immoral,real,10,5,2,2,4,1,Acc
44,20,2,4,2,2,immoral_real_item11,6,immoral,real,11,5,5,1,3,1,Acc
44,20,2,4,2,2,immoral_real_item12,6,immoral,real,12,4,4,1,4,1,Acc
45,21,2,4,1,1,moral_fake_item1,2,moral,fake,1,5,3,2,4,5,Acc
45,21,2,4,1,1,moral_fake_item2,6,moral,fake,2,3,3,1,1,3,Acc
45,21,2,4,1,1,moral_fake_item3,5,moral,fake,3,4,3,1,1,4,Acc
45,21,2,4,1,1,moral_real_item4,1,moral,real,4,6,3,1,2,5,Acc
45,21,2,4,1,1,moral_real_item5,3,moral,real,5,5,3,1,1,3,Acc
45,21,2,4,1,1,moral_real_item6,1,moral,real,6,6,3,1,3,4,Acc
45,21,2,4,1,1,immoral_fake_item7,6,immoral,fake,7,3,4,1,2,1,Acc
45,21,2,4,1,1,immoral_fake_item8,6,immoral,fake,8,5,3,1,1,1,Acc
45,21,2,4,1,1,immoral_fake_item9,1,immoral,fake,9,6,2,2,4,1,Acc
45,21,2,4,1,1,immoral_real_item10,2,immoral,real,10,6,2,2,3,1,Acc
45,21,2,4,1,1,immoral_real_item11,2,immoral,real,11,6,2,4,4,1,Acc
45,21,2,4,1,1,immoral_real_item12,5,immoral,real,12,5,2,3,2,1,Acc
46,21,2,4,2,5,moral_fake_item1,3,moral,fake,1,6,1,5,4,5,Acc
46,21,2,4,2,5,moral_fake_item2,2,moral,fake,2,6,1,5,5,5,Acc
46,21,2,4,2,5,moral_fake_item3,1,moral,fake,3,6,2,4,4,5,Acc
46,21,2,4,2,5,moral_real_item4,2,moral,real,4,6,1,3,4,5,Acc
46,21,2,4,2,5,moral_real_item5,6,moral,real,5,5,4,2,2,4,Acc
46,21,2,4,2,5,moral_real_item6,1,moral,real,6,5,1,5,5,5,Acc
46,21,2,4,2,5,immoral_fake_item7,6,immoral,fake,7,3,3,3,5,1,Acc
46,21,2,4,2,5,immoral_fake_item8,3,immoral,fake,8,4,2,4,5,1,Acc
46,21,2,4,2,5,immoral_fake_item9,4,immoral,fake,9,5,3,5,4,1,Acc
46,21,2,4,2,5,immoral_real_item10,2,immoral,real,10,5,3,4,5,1,Acc
46,21,2,4,2,5,immoral_real_item11,4,immoral,real,11,6,2,4,5,1,Acc
46,21,2,4,2,5,immoral_real_item12,3,immoral,real,12,5,3,3,5,1,Acc
47,18,1,4,1,6,moral_fake_item1,1,moral,fake,1,5,1,4,5,5,Acc
47,18,1,4,1,6,moral_fake_item2,1,moral,fake,2,5,2,4,4,5,Acc
47,18,1,4,1,6,moral_fake_item3,1,moral,fake,3,6,1,4,4,5,Acc
47,18,1,4,1,6,moral_real_item4,2,moral,real,4,4,2,4,3,3,Acc
47,18,1,4,1,6,moral_real_item5,3,moral,real,5,5,2,4,3,3,Acc
47,18,1,4,1,6,moral_real_item6,3,moral,real,6,4,2,4,3,3,Acc
47,18,1,4,1,6,immoral_fake_item7,2,immoral,fake,7,2,3,3,3,2,Acc
47,18,1,4,1,6,immoral_fake_item8,1,immoral,fake,8,5,1,4,5,2,Acc
47,18,1,4,1,6,immoral_fake_item9,3,immoral,fake,9,4,2,3,3,2,Acc
47,18,1,4,1,6,immoral_real_item10,3,immoral,real,10,5,1,4,3,2,Acc
47,18,1,4,1,6,immoral_real_item11,3,immoral,real,11,4,2,4,3,1,Acc
47,18,1,4,1,6,immoral_real_item12,3,immoral,real,12,5,2,4,3,1,Acc
48,22,2,4,3,4,moral_fake_item1,2,moral,fake,1,6,1,2,2,5,Acc
48,22,2,4,3,4,moral_fake_item2,4,moral,fake,2,2,3,1,1,4,Acc
48,22,2,4,3,4,moral_fake_item3,4,moral,fake,3,6,3,2,1,4,Acc
48,22,2,4,3,4,moral_real_item4,1,moral,real,4,6,2,2,2,5,Acc
48,22,2,4,3,4,moral_real_item5,3,moral,real,5,3,3,1,2,4,Acc
48,22,2,4,3,4,moral_real_item6,1,moral,real,6,6,1,4,4,5,Acc
48,22,2,4,3,4,immoral_fake_item7,4,immoral,fake,7,2,4,1,3,1,Acc
48,22,2,4,3,4,immoral_fake_item8,4,immoral,fake,8,2,3,3,3,1,Acc
48,22,2,4,3,4,immoral_fake_item9,3,immoral,fake,9,4,2,3,3,1,Acc
48,22,2,4,3,4,immoral_real_item10,1,immoral,real,10,6,2,4,4,1,Acc
48,22,2,4,3,4,immoral_real_item11,2,immoral,real,11,6,3,2,3,1,Acc
48,22,2,4,3,4,immoral_real_item12,2,immoral,real,12,5,2,3,4,1,Acc
49,22,2,4,1,2,moral_fake_item1,3,moral,fake,1,4,1,3,2,4,Acc
49,22,2,4,1,2,moral_fake_item2,4,moral,fake,2,4,1,3,2,4,Acc
49,22,2,4,1,2,moral_fake_item3,6,moral,fake,3,2,1,1,1,4,Acc
49,22,2,4,1,2,moral_real_item4,4,moral,real,4,4,1,3,2,4,Acc
49,22,2,4,1,2,moral_real_item5,3,moral,real,5,4,1,3,2,4,Acc
49,22,2,4,1,2,moral_real_item6,5,moral,real,6,3,1,1,1,3,Acc
49,22,2,4,1,2,immoral_fake_item7,6,immoral,fake,7,1,1,1,1,1,Acc
49,22,2,4,1,2,immoral_fake_item8,4,immoral,fake,8,3,1,2,2,1,Acc
49,22,2,4,1,2,immoral_fake_item9,5,immoral,fake,9,3,1,2,1,1,Acc
49,22,2,4,1,2,immoral_real_item10,5,immoral,real,10,4,1,1,2,1,Acc
49,22,2,4,1,2,immoral_real_item11,6,immoral,real,11,3,1,1,1,1,Acc
49,22,2,4,1,2,immoral_real_item12,6,immoral,real,12,2,1,1,1,1,Acc
50,22,2,5,1,4,moral_fake_item1,6,moral,fake,1,3,3,3,4,4,Acc
50,22,2,5,1,4,moral_fake_item2,4,moral,fake,2,4,3,2,4,4,Acc
50,22,2,5,1,4,moral_fake_item3,2,moral,fake,3,4,3,2,4,2,Acc
50,22,2,5,1,4,moral_real_item4,6,moral,real,4,5,2,2,4,4,Acc
50,22,2,5,1,4,moral_real_item5,5,moral,real,5,4,3,2,4,4,Acc
50,22,2,5,1,4,moral_real_item6,4,moral,real,6,4,3,3,3,4,Acc
50,22,2,5,1,4,immoral_fake_item7,3,immoral,fake,7,3,3,2,4,2,Acc
50,22,2,5,1,4,immoral_fake_item8,3,immoral,fake,8,5,3,3,4,2,Acc
50,22,2,5,1,4,immoral_fake_item9,4,immoral,fake,9,4,3,3,4,2,Acc
50,22,2,5,1,4,immoral_real_item10,6,immoral,real,10,6,3,3,2,2,Acc
50,22,2,5,1,4,immoral_real_item11,5,immoral,real,11,5,3,2,4,2,Acc
50,22,2,5,1,4,immoral_real_item12,3,immoral,real,12,4,3,3,4,2,Acc
51,21,2,4,2,6,moral_fake_item1,1,moral,fake,1,5,2,5,4,5,Acc
51,21,2,4,2,6,moral_fake_item2,6,moral,fake,2,2,3,2,1,4,Acc
51,21,2,4,2,6,moral_fake_item3,5,moral,fake,3,4,2,2,1,4,Acc
51,21,2,4,2,6,moral_real_item4,1,moral,real,4,6,1,5,5,5,Acc
51,21,2,4,2,6,moral_real_item5,3,moral,real,5,4,3,2,4,3,Acc
51,21,2,4,2,6,moral_real_item6,4,moral,real,6,6,4,4,4,5,Acc
51,21,2,4,2,6,immoral_fake_item7,6,immoral,fake,7,5,4,3,3,1,Acc
51,21,2,4,2,6,immoral_fake_item8,6,immoral,fake,8,1,4,4,5,1,Acc
51,21,2,4,2,6,immoral_fake_item9,6,immoral,fake,9,5,4,4,5,1,Acc
51,21,2,4,2,6,immoral_real_item10,2,immoral,real,10,4,1,5,5,1,Acc
51,21,2,4,2,6,immoral_real_item11,3,immoral,real,11,5,2,5,5,1,Acc
51,21,2,4,2,6,immoral_real_item12,6,immoral,real,12,3,2,1,1,1,Acc
52,22,2,4,4,4,moral_fake_item1,6,moral,fake,1,1,1,1,5,5,Acc
52,22,2,4,4,4,moral_fake_item2,6,moral,fake,2,1,1,1,1,1,Acc
52,22,2,4,4,4,moral_fake_item3,6,moral,fake,3,1,1,2,2,4,Acc
52,22,2,4,4,4,moral_real_item4,1,moral,real,4,6,1,5,5,5,Acc
52,22,2,4,4,4,moral_real_item5,6,moral,real,5,2,5,1,5,3,Acc
52,22,2,4,4,4,moral_real_item6,6,moral,real,6,6,1,4,3,5,Acc
52,22,2,4,4,4,immoral_fake_item7,6,immoral,fake,7,5,5,1,5,1,Acc
52,22,2,4,4,4,immoral_fake_item8,6,immoral,fake,8,1,1,1,5,1,Acc
52,22,2,4,4,4,immoral_fake_item9,6,immoral,fake,9,1,1,5,1,1,Acc
52,22,2,4,4,4,immoral_real_item10,6,immoral,real,10,5,1,2,2,1,Acc
52,22,2,4,4,4,immoral_real_item11,6,immoral,real,11,6,1,3,5,1,Acc
52,22,2,4,4,4,immoral_real_item12,6,immoral,real,12,6,1,3,5,1,Acc
53,35,1,5,1,5,moral_fake_item1,5,moral,fake,1,5,4,4,3,5,Acc
53,35,1,5,1,5,moral_fake_item2,3,moral,fake,2,5,4,5,4,3,Acc
53,35,1,5,1,5,moral_fake_item3,5,moral,fake,3,4,5,3,5,4,Acc
53,35,1,5,1,5,moral_real_item4,4,moral,real,4,5,5,5,5,4,Acc
53,35,1,5,1,5,moral_real_item5,5,moral,real,5,4,5,4,5,4,Acc
53,35,1,5,1,5,moral_real_item6,4,moral,real,6,5,4,3,4,5,Acc
53,35,1,5,1,5,immoral_fake_item7,4,immoral,fake,7,5,4,4,2,5,Acc
53,35,1,5,1,5,immoral_fake_item8,4,immoral,fake,8,6,5,5,4,4,Acc
53,35,1,5,1,5,immoral_fake_item9,5,immoral,fake,9,3,5,4,3,3,Acc
53,35,1,5,1,5,immoral_real_item10,4,immoral,real,10,6,4,2,4,3,Acc
53,35,1,5,1,5,immoral_real_item11,5,immoral,real,11,4,4,2,4,5,Acc
53,35,1,5,1,5,immoral_real_item12,3,immoral,real,12,5,4,4,4,5,Acc
54,20,1,4,1,5,moral_fake_item1,4,moral,fake,1,4,2,4,4,4,Acc
54,20,1,4,1,5,moral_fake_item2,2,moral,fake,2,2,2,2,2,3,Acc
54,20,1,4,1,5,moral_fake_item3,2,moral,fake,3,2,2,2,3,5,Acc
54,20,1,4,1,5,moral_real_item4,4,moral,real,4,5,4,2,1,3,Acc
54,20,1,4,1,5,moral_real_item5,3,moral,real,5,5,4,2,4,3,Acc
54,20,1,4,1,5,moral_real_item6,4,moral,real,6,6,2,5,4,4,Acc
54,20,1,4,1,5,immoral_fake_item7,2,immoral,fake,7,3,3,2,3,1,Acc
54,20,1,4,1,5,immoral_fake_item8,6,immoral,fake,8,4,3,1,1,2,Acc
54,20,1,4,1,5,immoral_fake_item9,5,immoral,fake,9,4,1,4,3,1,Acc
54,20,1,4,1,5,immoral_real_item10,4,immoral,real,10,5,4,4,4,1,Acc
54,20,1,4,1,5,immoral_real_item11,4,immoral,real,11,6,2,3,3,2,Acc
54,20,1,4,1,5,immoral_real_item12,6,immoral,real,12,6,1,2,1,1,Acc
55,25,2,5,1,3,moral_fake_item1,1,moral,fake,1,6,1,4,5,5,Acc
55,25,2,5,1,3,moral_fake_item2,6,moral,fake,2,1,4,1,1,5,Acc
55,25,2,5,1,3,moral_fake_item3,1,moral,fake,3,6,1,4,2,5,Acc
55,25,2,5,1,3,moral_real_item4,1,moral,real,4,5,2,4,1,5,Acc
55,25,2,5,1,3,moral_real_item5,1,moral,real,5,6,1,4,4,5,Acc
55,25,2,5,1,3,moral_real_item6,1,moral,real,6,6,3,2,2,5,Acc
55,25,2,5,1,3,immoral_fake_item7,6,immoral,fake,7,1,5,1,1,1,Acc
55,25,2,5,1,3,immoral_fake_item8,2,immoral,fake,8,4,2,4,2,1,Acc
55,25,2,5,1,3,immoral_fake_item9,6,immoral,fake,9,2,4,4,1,1,Acc
55,25,2,5,1,3,immoral_real_item10,1,immoral,real,10,6,1,4,1,1,Acc
55,25,2,5,1,3,immoral_real_item11,6,immoral,real,11,4,2,1,1,1,Acc
55,25,2,5,1,3,immoral_real_item12,6,immoral,real,12,4,1,4,1,1,Acc
56,25,2,4,1,3,moral_fake_item1,2,moral,fake,1,4,1,3,4,3,Acc
56,25,2,4,1,3,moral_fake_item2,1,moral,fake,2,1,3,3,4,2,Acc
56,25,2,4,1,3,moral_fake_item3,2,moral,fake,3,1,1,1,3,2,Acc
56,25,2,4,1,3,moral_real_item4,3,moral,real,4,5,3,2,4,3,Acc
56,25,2,4,1,3,moral_real_item5,2,moral,real,5,5,4,1,4,3,Acc
56,25,2,4,1,3,moral_real_item6,1,moral,real,6,5,3,2,4,4,Acc
56,25,2,4,1,3,immoral_fake_item7,4,immoral,fake,7,1,4,3,2,1,Acc
56,25,2,4,1,3,immoral_fake_item8,1,immoral,fake,8,4,4,2,4,1,Acc
56,25,2,4,1,3,immoral_fake_item9,2,immoral,fake,9,3,2,2,4,1,Acc
56,25,2,4,1,3,immoral_real_item10,1,immoral,real,10,4,4,3,2,1,Acc
56,25,2,4,1,3,immoral_real_item11,1,immoral,real,11,4,4,2,3,1,Acc
56,25,2,4,1,3,immoral_real_item12,2,immoral,real,12,5,3,1,3,1,Acc
57,22,2,4,2,3,moral_fake_item1,1,moral,fake,1,5,1,4,4,5,Acc
57,22,2,4,2,3,moral_fake_item2,2,moral,fake,2,5,1,3,3,5,Acc
57,22,2,4,2,3,moral_fake_item3,2,moral,fake,3,5,1,2,3,5,Acc
57,22,2,4,2,3,moral_real_item4,2,moral,real,4,5,1,3,3,5,Acc
57,22,2,4,2,3,moral_real_item5,3,moral,real,5,5,1,3,3,4,Acc
57,22,2,4,2,3,moral_real_item6,2,moral,real,6,5,1,3,2,5,Acc
57,22,2,4,2,3,immoral_fake_item7,3,immoral,fake,7,4,1,2,2,1,Acc
57,22,2,4,2,3,immoral_fake_item8,2,immoral,fake,8,5,1,2,4,1,Acc
57,22,2,4,2,3,immoral_fake_item9,2,immoral,fake,9,5,1,2,2,1,Acc
57,22,2,4,2,3,immoral_real_item10,2,immoral,real,10,4,1,2,3,1,Acc
57,22,2,4,2,3,immoral_real_item11,2,immoral,real,11,5,1,1,2,2,Acc
57,22,2,4,2,3,immoral_real_item12,2,immoral,real,12,4,1,2,2,1,Acc
58,22,2,4,1,4,moral_fake_item1,4,moral,fake,1,5,1,5,5,5,Acc
58,22,2,4,1,4,moral_fake_item2,4,moral,fake,2,4,1,4,3,4,Acc
58,22,2,4,1,4,moral_fake_item3,3,moral,fake,3,6,1,5,5,5,Acc
58,22,2,4,1,4,moral_real_item4,4,moral,real,4,5,1,4,3,5,Acc
58,22,2,4,1,4,moral_real_item5,4,moral,real,5,6,1,3,3,4,Acc
58,22,2,4,1,4,moral_real_item6,3,moral,real,6,5,1,3,3,5,Acc
58,22,2,4,1,4,immoral_fake_item7,6,immoral,fake,7,6,1,5,4,1,Acc
58,22,2,4,1,4,immoral_fake_item8,6,immoral,fake,8,6,1,4,5,1,Acc
58,22,2,4,1,4,immoral_fake_item9,5,immoral,fake,9,6,1,4,4,1,Acc
58,22,2,4,1,4,immoral_real_item10,5,immoral,real,10,5,1,5,4,1,Acc
58,22,2,4,1,4,immoral_real_item11,6,immoral,real,11,5,1,5,5,1,Acc
58,22,2,4,1,4,immoral_real_item12,6,immoral,real,12,6,1,5,4,1,Acc
59,31,1,1,3,3,moral_fake_item1,6,moral,fake,1,1,1,1,2,3,Acc
59,31,1,1,3,3,moral_fake_item2,6,moral,fake,2,1,1,1,1,3,Acc
59,31,1,1,3,3,moral_fake_item3,6,moral,fake,3,1,1,1,1,3,Acc
59,31,1,1,3,3,moral_real_item4,6,moral,real,4,1,1,3,1,3,Acc
59,31,1,1,3,3,moral_real_item5,2,moral,real,5,2,2,4,1,3,Acc
59,31,1,1,3,3,moral_real_item6,2,moral,real,6,2,2,3,2,3,Acc
59,31,1,1,3,3,immoral_fake_item7,6,immoral,fake,7,1,1,1,1,1,Acc
59,31,1,1,3,3,immoral_fake_item8,6,immoral,fake,8,1,1,1,1,1,Acc
59,31,1,1,3,3,immoral_fake_item9,3,immoral,fake,9,3,3,4,2,1,Acc
59,31,1,1,3,3,immoral_real_item10,2,immoral,real,10,4,4,3,1,1,Acc
59,31,1,1,3,3,immoral_real_item11,2,immoral,real,11,3,2,2,1,2,Acc
59,31,1,1,3,3,immoral_real_item12,4,immoral,real,12,4,3,4,2,3,Acc
60,22,1,5,1,4,moral_fake_item1,3,moral,fake,1,6,1,3,4,5,Acc
60,22,1,5,1,4,moral_fake_item2,6,moral,fake,2,1,1,4,1,4,Acc
60,22,1,5,1,4,moral_fake_item3,3,moral,fake,3,2,1,2,1,4,Acc
60,22,1,5,1,4,moral_real_item4,2,moral,real,4,6,1,3,1,4,Acc
60,22,1,5,1,4,moral_real_item5,3,moral,real,5,4,1,4,3,4,Acc
60,22,1,5,1,4,moral_real_item6,6,moral,real,6,1,1,1,3,5,Acc
60,22,1,5,1,4,immoral_fake_item7,6,immoral,fake,7,1,1,1,1,3,Acc
60,22,1,5,1,4,immoral_fake_item8,2,immoral,fake,8,5,1,3,3,1,Acc
60,22,1,5,1,4,immoral_fake_item9,2,immoral,fake,9,4,1,4,2,1,Acc
60,22,1,5,1,4,immoral_real_item10,4,immoral,real,10,5,1,4,3,1,Acc
60,22,1,5,1,4,immoral_real_item11,2,immoral,real,11,6,1,1,3,1,Acc
60,22,1,5,1,4,immoral_real_item12,3,immoral,real,12,5,1,1,1,1,Acc
61,22,2,5,3,7,moral_fake_item1,5,moral,fake,1,3,2,2,2,3,Acc
61,22,2,5,3,7,moral_fake_item2,4,moral,fake,2,2,2,3,5,5,Acc
61,22,2,5,3,7,moral_fake_item3,6,moral,fake,3,3,1,2,2,5,Acc
61,22,2,5,3,7,moral_real_item4,5,moral,real,4,3,3,2,2,4,Acc
61,22,2,5,3,7,moral_real_item5,5,moral,real,5,4,4,2,4,5,Acc
61,22,2,5,3,7,moral_real_item6,4,moral,real,6,5,4,2,4,5,Acc
61,22,2,5,3,7,immoral_fake_item7,5,immoral,fake,7,4,3,3,4,2,Acc
61,22,2,5,3,7,immoral_fake_item8,5,immoral,fake,8,5,4,3,5,3,Acc
61,22,2,5,3,7,immoral_fake_item9,6,immoral,fake,9,5,2,2,3,3,Acc
61,22,2,5,3,7,immoral_real_item10,5,immoral,real,10,4,4,3,4,2,Acc
61,22,2,5,3,7,immoral_real_item11,6,immoral,real,11,6,4,3,4,1,Acc
61,22,2,5,3,7,immoral_real_item12,6,immoral,real,12,6,4,2,4,1,Acc
62,19,2,4,1,1,moral_fake_item1,1,moral,fake,1,5,1,2,3,4,Acc
62,19,2,4,1,1,moral_fake_item2,4,moral,fake,2,5,1,2,3,3,Acc
62,19,2,4,1,1,moral_fake_item3,1,moral,fake,3,2,4,1,2,3,Acc
62,19,2,4,1,1,moral_real_item4,1,moral,real,4,4,2,3,3,4,Acc
62,19,2,4,1,1,moral_real_item5,1,moral,real,5,5,1,2,3,4,Acc
62,19,2,4,1,1,moral_real_item6,2,moral,real,6,5,1,3,4,4,Acc
62,19,2,4,1,1,immoral_fake_item7,1,immoral,fake,7,2,4,2,2,1,Acc
62,19,2,4,1,1,immoral_fake_item8,1,immoral,fake,8,4,2,2,4,1,Acc
62,19,2,4,1,1,immoral_fake_item9,1,immoral,fake,9,5,2,2,4,2,Acc
62,19,2,4,1,1,immoral_real_item10,1,immoral,real,10,6,2,2,3,1,Acc
62,19,2,4,1,1,immoral_real_item11,1,immoral,real,11,5,2,3,5,1,Acc
62,19,2,4,1,1,immoral_real_item12,1,immoral,real,12,4,3,1,1,1,Acc
63,23,2,4,1,5,moral_fake_item1,6,moral,fake,1,2,3,2,3,4,Acc
63,23,2,4,1,5,moral_fake_item2,6,moral,fake,2,1,1,2,3,3,Acc
63,23,2,4,1,5,moral_fake_item3,6,moral,fake,3,4,1,3,3,4,Acc
63,23,2,4,1,5,moral_real_item4,4,moral,real,4,6,2,5,3,5,Acc
63,23,2,4,1,5,moral_real_item5,6,moral,real,5,6,3,4,3,5,Acc
63,23,2,4,1,5,moral_real_item6,6,moral,real,6,4,3,3,3,4,Acc
63,23,2,4,1,5,immoral_fake_item7,6,immoral,fake,7,5,2,2,3,5,Acc
63,23,2,4,1,5,immoral_fake_item8,6,immoral,fake,8,3,2,2,3,1,Acc
63,23,2,4,1,5,immoral_fake_item9,6,immoral,fake,9,5,2,2,3,1,Acc
63,23,2,4,1,5,immoral_real_item10,5,immoral,real,10,6,2,3,3,5,Acc
63,23,2,4,1,5,immoral_real_item11,6,immoral,real,11,6,1,1,2,1,Acc
63,23,2,4,1,5,immoral_real_item12,6,immoral,real,12,5,2,4,3,1,Acc
64,18,2,4,5,4,moral_fake_item1,1,moral,fake,1,6,2,3,1,5,Acc
64,18,2,4,5,4,moral_fake_item2,5,moral,fake,2,3,2,2,1,5,Acc
64,18,2,4,5,4,moral_fake_item3,6,moral,fake,3,1,1,5,1,2,Acc
64,18,2,4,5,4,moral_real_item4,1,moral,real,4,6,2,4,1,5,Acc
64,18,2,4,5,4,moral_real_item5,2,moral,real,5,5,2,2,2,4,Acc
64,18,2,4,5,4,moral_real_item6,1,moral,real,6,6,2,3,2,5,Acc
64,18,2,4,5,4,immoral_fake_item7,4,immoral,fake,7,2,4,2,1,1,Acc
64,18,2,4,5,4,immoral_fake_item8,3,immoral,fake,8,5,4,2,3,1,Acc
64,18,2,4,5,4,immoral_fake_item9,5,immoral,fake,9,5,3,4,2,1,Acc
64,18,2,4,5,4,immoral_real_item10,2,immoral,real,10,5,4,4,3,2,Acc
64,18,2,4,5,4,immoral_real_item11,1,immoral,real,11,6,5,3,3,2,Acc
64,18,2,4,5,4,immoral_real_item12,4,immoral,real,12,6,3,2,2,1,Acc
65,20,2,4,2,2,moral_fake_item1,2,moral,fake,1,5,3,3,2,4,Acc
65,20,2,4,2,2,moral_fake_item2,5,moral,fake,2,3,4,2,1,3,Acc
65,20,2,4,2,2,moral_fake_item3,6,moral,fake,3,1,1,4,1,3,Acc
65,20,2,4,2,2,moral_real_item4,1,moral,real,4,6,1,4,2,4,Acc
65,20,2,4,2,2,moral_real_item5,3,moral,real,5,4,4,3,2,4,Acc
65,20,2,4,2,2,moral_real_item6,1,moral,real,6,6,2,4,2,4,Acc
65,20,2,4,2,2,immoral_fake_item7,2,immoral,fake,7,6,3,4,3,1,Acc
65,20,2,4,2,2,immoral_fake_item8,4,immoral,fake,8,3,3,3,2,1,Acc
65,20,2,4,2,2,immoral_fake_item9,5,immoral,fake,9,4,3,4,3,1,Acc
65,20,2,4,2,2,immoral_real_item10,3,immoral,real,10,6,2,4,2,1,Acc
65,20,2,4,2,2,immoral_real_item11,5,immoral,real,11,5,3,3,3,1,Acc
65,20,2,4,2,2,immoral_real_item12,5,immoral,real,12,4,3,3,1,1,Acc
66,20,2,4,2,5,moral_fake_item1,1,moral,fake,1,6,1,5,5,5,Acc
66,20,2,4,2,5,moral_fake_item2,1,moral,fake,2,1,5,1,1,3,Acc
66,20,2,4,2,5,moral_fake_item3,1,moral,fake,3,3,1,1,3,3,Acc
66,20,2,4,2,5,moral_real_item4,1,moral,real,4,6,3,3,3,3,Acc
66,20,2,4,2,5,moral_real_item5,2,moral,real,5,4,1,3,3,5,Acc
66,20,2,4,2,5,moral_real_item6,1,moral,real,6,6,1,3,3,3,Acc
66,20,2,4,2,5,immoral_fake_item7,1,immoral,fake,7,1,5,1,1,1,Acc
66,20,2,4,2,5,immoral_fake_item8,6,immoral,fake,8,6,3,3,1,1,Acc
66,20,2,4,2,5,immoral_fake_item9,6,immoral,fake,9,2,3,3,5,1,Acc
66,20,2,4,2,5,immoral_real_item10,1,immoral,real,10,6,1,5,5,1,Acc
66,20,2,4,2,5,immoral_real_item11,5,immoral,real,11,6,5,1,1,1,Acc
66,20,2,4,2,5,immoral_real_item12,6,immoral,real,12,6,3,1,3,1,Acc
67,19,1,4,3,1,moral_fake_item1,2,moral,fake,1,4,4,4,4,5,Acc
67,19,1,4,3,1,moral_fake_item2,6,moral,fake,2,1,3,2,2,4,Acc
67,19,1,4,3,1,moral_fake_item3,5,moral,fake,3,3,3,2,2,4,Acc
67,19,1,4,3,1,moral_real_item4,2,moral,real,4,5,4,3,4,3,Acc
67,19,1,4,3,1,moral_real_item5,2,moral,real,5,5,4,2,4,4,Acc
67,19,1,4,3,1,moral_real_item6,2,moral,real,6,5,4,2,3,4,Acc
67,19,1,4,3,1,immoral_fake_item7,6,immoral,fake,7,2,2,1,2,1,Acc
67,19,1,4,3,1,immoral_fake_item8,6,immoral,fake,8,4,3,3,4,1,Acc
67,19,1,4,3,1,immoral_fake_item9,5,immoral,fake,9,3,2,2,3,2,Acc
67,19,1,4,3,1,immoral_real_item10,3,immoral,real,10,5,3,4,4,1,Acc
67,19,1,4,3,1,immoral_real_item11,5,immoral,real,11,5,4,4,3,1,Acc
67,19,1,4,3,1,immoral_real_item12,6,immoral,real,12,5,4,3,2,1,Acc
69,38,2,5,1,7,moral_fake_item1,4,moral,fake,1,4,3,3,3,3,Acc
69,38,2,5,1,7,moral_fake_item2,6,moral,fake,2,2,3,3,3,3,Acc
69,38,2,5,1,7,moral_fake_item3,6,moral,fake,3,2,5,3,3,3,Acc
69,38,2,5,1,7,moral_real_item4,1,moral,real,4,5,3,3,3,3,Acc
69,38,2,5,1,7,moral_real_item5,4,moral,real,5,4,3,3,3,3,Acc
69,38,2,5,1,7,moral_real_item6,2,moral,real,6,5,3,3,3,3,Acc
69,38,2,5,1,7,immoral_fake_item7,6,immoral,fake,7,2,3,3,3,3,Acc
69,38,2,5,1,7,immoral_fake_item8,4,immoral,fake,8,4,3,3,3,3,Acc
69,38,2,5,1,7,immoral_fake_item9,2,immoral,fake,9,4,3,3,3,3,Acc
69,38,2,5,1,7,immoral_real_item10,3,immoral,real,10,5,3,3,3,3,Acc
69,38,2,5,1,7,immoral_real_item11,6,immoral,real,11,2,4,3,3,3,Acc
69,38,2,5,1,7,immoral_real_item12,6,immoral,real,12,3,4,3,3,3,Acc
71,19,2,4,4,7,moral_fake_item1,1,moral,fake,1,6,3,5,5,5,Acc
71,19,2,4,4,7,moral_fake_item2,6,moral,fake,2,2,3,2,2,3,Acc
71,19,2,4,4,7,moral_fake_item3,5,moral,fake,3,5,4,3,4,5,Acc
71,19,2,4,4,7,moral_real_item4,1,moral,real,4,6,2,5,5,5,Acc
71,19,2,4,4,7,moral_real_item5,3,moral,real,5,5,4,3,4,5,Acc
71,19,2,4,4,7,moral_real_item6,3,moral,real,6,6,2,5,5,5,Acc
71,19,2,4,4,7,immoral_fake_item7,1,immoral,fake,7,6,3,2,4,1,Acc
71,19,2,4,4,7,immoral_fake_item8,2,immoral,fake,8,5,3,2,4,1,Acc
71,19,2,4,4,7,immoral_fake_item9,2,immoral,fake,9,5,4,5,5,1,Acc
71,19,2,4,4,7,immoral_real_item10,6,immoral,real,10,4,3,2,2,2,Acc
71,19,2,4,4,7,immoral_real_item11,3,immoral,real,11,5,1,4,4,3,Acc
71,19,2,4,4,7,immoral_real_item12,4,immoral,real,12,6,2,4,4,1,Acc
72,26,2,4,2,4,moral_fake_item1,1,moral,fake,1,6,2,4,5,5,Acc
72,26,2,4,2,4,moral_fake_item2,1,moral,fake,2,3,3,2,2,4,Acc
72,26,2,4,2,4,moral_fake_item3,1,moral,fake,3,4,4,1,2,5,Acc
72,26,2,4,2,4,moral_real_item4,1,moral,real,4,4,2,2,5,3,Acc
72,26,2,4,2,4,moral_real_item5,1,moral,real,5,6,3,3,5,4,Acc
72,26,2,4,2,4,moral_real_item6,1,moral,real,6,4,3,4,3,5,Acc
72,26,2,4,2,4,immoral_fake_item7,6,immoral,fake,7,2,3,3,4,1,Acc
72,26,2,4,2,4,immoral_fake_item8,2,immoral,fake,8,5,3,4,5,2,Acc
72,26,2,4,2,4,immoral_fake_item9,3,immoral,fake,9,4,2,2,4,1,Acc
72,26,2,4,2,4,immoral_real_item10,3,immoral,real,10,5,3,4,3,1,Acc
72,26,2,4,2,4,immoral_real_item11,6,immoral,real,11,3,4,2,4,1,Acc
72,26,2,4,2,4,immoral_real_item12,6,immoral,real,12,4,4,3,3,1,Acc
73,21,2,4,2,6,moral_fake_item1,4,moral,fake,1,5,2,2,4,4,Acc
73,21,2,4,2,6,moral_fake_item2,4,moral,fake,2,5,3,4,2,4,Acc
73,21,2,4,2,6,moral_fake_item3,6,moral,fake,3,3,2,4,3,4,Acc
73,21,2,4,2,6,moral_real_item4,3,moral,real,4,5,3,4,5,5,Acc
73,21,2,4,2,6,moral_real_item5,5,moral,real,5,6,4,2,5,4,Acc
73,21,2,4,2,6,moral_real_item6,2,moral,real,6,6,1,2,1,5,Acc
73,21,2,4,2,6,immoral_fake_item7,5,immoral,fake,7,4,2,4,2,1,Acc
73,21,2,4,2,6,immoral_fake_item8,4,immoral,fake,8,4,4,3,4,2,Acc
73,21,2,4,2,6,immoral_fake_item9,1,immoral,fake,9,5,4,2,5,2,Acc
73,21,2,4,2,6,immoral_real_item10,3,immoral,real,10,5,2,4,5,1,Acc
73,21,2,4,2,6,immoral_real_item11,2,immoral,real,11,5,4,4,5,1,Acc
73,21,2,4,2,6,immoral_real_item12,1,immoral,real,12,5,2,4,4,1,Acc
74,20,1,4,5,1,moral_fake_item1,1,moral,fake,1,5,2,3,3,2,Acc
74,20,1,4,5,1,moral_fake_item2,1,moral,fake,2,1,3,4,3,3,Acc
74,20,1,4,5,1,moral_fake_item3,2,moral,fake,3,2,1,4,3,4,Acc
74,20,1,4,5,1,moral_real_item4,3,moral,real,4,4,3,3,3,4,Acc
74,20,1,4,5,1,moral_real_item5,3,moral,real,5,3,2,3,3,4,Acc
74,20,1,4,5,1,moral_real_item6,2,moral,real,6,3,2,3,4,3,Acc
74,20,1,4,5,1,immoral_fake_item7,1,immoral,fake,7,1,4,4,3,3,Acc
74,20,1,4,5,1,immoral_fake_item8,1,immoral,fake,8,1,3,3,3,4,Acc
74,20,1,4,5,1,immoral_fake_item9,3,immoral,fake,9,4,2,3,3,3,Acc
74,20,1,4,5,1,immoral_real_item10,5,immoral,real,10,5,1,5,4,2,Acc
74,20,1,4,5,1,immoral_real_item11,2,immoral,real,11,5,2,3,4,2,Acc
74,20,1,4,5,1,immoral_real_item12,2,immoral,real,12,2,3,4,3,4,Acc
75,20,2,4,5,3,moral_fake_item1,2,moral,fake,1,5,2,3,3,4,Acc
75,20,2,4,5,3,moral_fake_item2,4,moral,fake,2,5,2,3,4,4,Acc
75,20,2,4,5,3,moral_fake_item3,3,moral,fake,3,4,4,3,2,3,Acc
75,20,2,4,5,3,moral_real_item4,3,moral,real,4,6,1,3,3,4,Acc
75,20,2,4,5,3,moral_real_item5,5,moral,real,5,5,4,2,4,3,Acc
75,20,2,4,5,3,moral_real_item6,1,moral,real,6,4,1,3,2,3,Acc
75,20,2,4,5,3,immoral_fake_item7,1,immoral,fake,7,3,2,3,3,2,Acc
75,20,2,4,5,3,immoral_fake_item8,1,immoral,fake,8,4,2,3,5,1,Acc
75,20,2,4,5,3,immoral_fake_item9,1,immoral,fake,9,3,1,3,3,2,Acc
75,20,2,4,5,3,immoral_real_item10,4,immoral,real,10,5,3,3,3,1,Acc
75,20,2,4,5,3,immoral_real_item11,1,immoral,real,11,6,1,4,5,1,Acc
75,20,2,4,5,3,immoral_real_item12,4,immoral,real,12,4,2,4,2,1,Acc
76,19,2,3,2,4,moral_fake_item1,3,moral,fake,1,4,4,2,4,4,Acc
76,19,2,3,2,4,moral_fake_item2,5,moral,fake,2,3,3,3,3,5,Acc
76,19,2,3,2,4,moral_fake_item3,5,moral,fake,3,2,1,2,1,3,Acc
76,19,2,3,2,4,moral_real_item4,3,moral,real,4,5,3,1,3,3,Acc
76,19,2,3,2,4,moral_real_item5,3,moral,real,5,4,3,2,3,3,Acc
76,19,2,3,2,4,moral_real_item6,2,moral,real,6,6,2,4,2,4,Acc
76,19,2,3,2,4,immoral_fake_item7,6,immoral,fake,7,2,3,2,1,1,Acc
76,19,2,3,2,4,immoral_fake_item8,5,immoral,fake,8,3,3,2,3,1,Acc
76,19,2,3,2,4,immoral_fake_item9,4,immoral,fake,9,3,3,2,3,2,Acc
76,19,2,3,2,4,immoral_real_item10,6,immoral,real,10,4,4,1,2,1,Acc
76,19,2,3,2,4,immoral_real_item11,6,immoral,real,11,2,4,1,1,1,Acc
76,19,2,3,2,4,immoral_real_item12,4,immoral,real,12,3,3,1,1,1,Acc
77,18,2,3,3,1,moral_fake_item1,5,moral,fake,1,4,4,4,5,5,Acc
77,18,2,3,3,1,moral_fake_item2,6,moral,fake,2,2,4,2,3,3,Acc
77,18,2,3,3,1,moral_fake_item3,3,moral,fake,3,4,4,2,3,5,Acc
77,18,2,3,3,1,moral_real_item4,2,moral,real,4,5,4,3,4,3,Acc
77,18,2,3,3,1,moral_real_item5,3,moral,real,5,4,4,2,4,4,Acc
77,18,2,3,3,1,moral_real_item6,3,moral,real,6,4,4,2,3,4,Acc
77,18,2,3,3,1,immoral_fake_item7,5,immoral,fake,7,2,4,2,4,1,Acc
77,18,2,3,3,1,immoral_fake_item8,2,immoral,fake,8,5,4,3,4,4,Acc
77,18,2,3,3,1,immoral_fake_item9,2,immoral,fake,9,4,4,2,4,1,Acc
77,18,2,3,3,1,immoral_real_item10,2,immoral,real,10,4,4,4,3,2,Acc
77,18,2,3,3,1,immoral_real_item11,6,immoral,real,11,4,3,3,4,2,Acc
77,18,2,3,3,1,immoral_real_item12,3,immoral,real,12,5,3,3,4,1,Acc
78,22,2,5,3,5,moral_fake_item1,1,moral,fake,1,6,1,3,5,5,Acc
78,22,2,5,3,5,moral_fake_item2,4,moral,fake,2,6,1,1,4,5,Acc
78,22,2,5,3,5,moral_fake_item3,1,moral,fake,3,3,2,1,1,3,Acc
78,22,2,5,3,5,moral_real_item4,3,moral,real,4,6,1,3,4,5,Acc
78,22,2,5,3,5,moral_real_item5,3,moral,real,5,6,2,4,5,5,Acc
78,22,2,5,3,5,moral_real_item6,1,moral,real,6,6,1,4,3,5,Acc
78,22,2,5,3,5,immoral_fake_item7,6,immoral,fake,7,1,1,1,3,1,Acc
78,22,2,5,3,5,immoral_fake_item8,1,immoral,fake,8,6,3,1,4,1,Acc
78,22,2,5,3,5,immoral_fake_item9,3,immoral,fake,9,4,3,1,3,1,Acc
78,22,2,5,3,5,immoral_real_item10,3,immoral,real,10,6,1,1,3,1,Acc
78,22,2,5,3,5,immoral_real_item11,1,immoral,real,11,6,1,3,5,1,Acc
78,22,2,5,3,5,immoral_real_item12,3,immoral,real,12,4,4,1,3,1,Acc
79,25,2,4,3,6,moral_fake_item1,1,moral,fake,1,6,3,1,4,5,Acc
79,25,2,4,3,6,moral_fake_item2,3,moral,fake,2,6,3,3,2,4,Acc
79,25,2,4,3,6,moral_fake_item3,4,moral,fake,3,4,4,2,1,4,Acc
79,25,2,4,3,6,moral_real_item4,2,moral,real,4,6,4,2,3,5,Acc
79,25,2,4,3,6,moral_real_item5,4,moral,real,5,5,4,1,2,5,Acc
79,25,2,4,3,6,moral_real_item6,1,moral,real,6,6,2,3,2,5,Acc
79,25,2,4,3,6,immoral_fake_item7,5,immoral,fake,7,3,3,2,1,1,Acc
79,25,2,4,3,6,immoral_fake_item8,4,immoral,fake,8,5,3,1,2,2,Acc
79,25,2,4,3,6,immoral_fake_item9,3,immoral,fake,9,5,2,4,2,2,Acc
79,25,2,4,3,6,immoral_real_item10,3,immoral,real,10,6,2,3,2,2,Acc
79,25,2,4,3,6,immoral_real_item11,3,immoral,real,11,5,3,2,2,2,Acc
79,25,2,4,3,6,immoral_real_item12,4,immoral,real,12,5,2,2,2,1,Acc
80,20,1,4,3,2,moral_fake_item1,1,moral,fake,1,4,4,4,4,5,Acc
80,20,1,4,3,2,moral_fake_item2,1,moral,fake,2,1,1,1,1,1,Acc
80,20,1,4,3,2,moral_fake_item3,2,moral,fake,3,4,2,2,2,1,Acc
80,20,1,4,3,2,moral_real_item4,1,moral,real,4,4,5,5,5,4,Acc
80,20,1,4,3,2,moral_real_item5,3,moral,real,5,5,5,4,5,4,Acc
80,20,1,4,3,2,moral_real_item6,2,moral,real,6,5,4,4,4,5,Acc
80,20,1,4,3,2,immoral_fake_item7,1,immoral,fake,7,1,4,4,4,2,Acc
80,20,1,4,3,2,immoral_fake_item8,1,immoral,fake,8,5,5,4,4,4,Acc
80,20,1,4,3,2,immoral_fake_item9,6,immoral,fake,9,5,2,2,4,1,Acc
80,20,1,4,3,2,immoral_real_item10,1,immoral,real,10,4,5,4,4,4,Acc
80,20,1,4,3,2,immoral_real_item11,2,immoral,real,11,5,5,4,4,4,Acc
80,20,1,4,3,2,immoral_real_item12,1,immoral,real,12,5,5,4,5,4,Acc
82,20,2,4,5,1,moral_fake_item1,4,moral,fake,1,3,1,4,3,6,Moral
82,20,2,4,5,1,moral_fake_item2,5,moral,fake,2,3,3,2,4,3,Moral
82,20,2,4,5,1,moral_fake_item3,5,moral,fake,3,4,3,2,4,5,Moral
82,20,2,4,5,1,moral_real_item4,1,moral,real,4,4,2,4,3,6,Moral
82,20,2,4,5,1,moral_real_item5,3,moral,real,5,3,4,4,3,5,Moral
82,20,2,4,5,1,moral_real_item6,1,moral,real,6,3,1,4,2,6,Moral
82,20,2,4,5,1,immoral_fake_item7,4,immoral,fake,7,2,4,4,5,1,Moral
82,20,2,4,5,1,immoral_fake_item8,4,immoral,fake,8,4,2,3,2,1,Moral
82,20,2,4,5,1,immoral_fake_item9,5,immoral,fake,9,4,2,5,4,2,Moral
82,20,2,4,5,1,immoral_real_item10,4,immoral,real,10,4,1,5,5,1,Moral
82,20,2,4,5,1,immoral_real_item11,6,immoral,real,11,3,4,4,3,2,Moral
82,20,2,4,5,1,immoral_real_item12,4,immoral,real,12,4,2,3,3,2,Moral
83,19,2,4,1,6,moral_fake_item1,1,moral,fake,1,4,1,4,5,6,Moral
83,19,2,4,1,6,moral_fake_item2,1,moral,fake,2,4,1,3,5,6,Moral
83,19,2,4,1,6,moral_fake_item3,1,moral,fake,3,4,1,4,5,5,Moral
83,19,2,4,1,6,moral_real_item4,2,moral,real,4,3,1,4,3,5,Moral
83,19,2,4,1,6,moral_real_item5,3,moral,real,5,3,2,3,2,4,Moral
83,19,2,4,1,6,moral_real_item6,3,moral,real,6,4,2,3,3,4,Moral
83,19,2,4,1,6,immoral_fake_item7,3,immoral,fake,7,3,2,3,2,2,Moral
83,19,2,4,1,6,immoral_fake_item8,1,immoral,fake,8,4,1,4,5,1,Moral
83,19,2,4,1,6,immoral_fake_item9,2,immoral,fake,9,4,2,3,3,2,Moral
83,19,2,4,1,6,immoral_real_item10,4,immoral,real,10,4,1,3,4,2,Moral
83,19,2,4,1,6,immoral_real_item11,4,immoral,real,11,4,2,3,3,2,Moral
83,19,2,4,1,6,immoral_real_item12,4,immoral,real,12,4,1,3,3,1,Moral
84,23,2,5,1,2,moral_fake_item1,6,moral,fake,1,3,4,1,1,5,Moral
84,23,2,5,1,2,moral_fake_item2,6,moral,fake,2,5,2,1,1,5,Moral
84,23,2,5,1,2,moral_fake_item3,6,moral,fake,3,1,1,1,1,4,Moral
84,23,2,5,1,2,moral_real_item4,6,moral,real,4,5,1,1,2,5,Moral
84,23,2,5,1,2,moral_real_item5,3,moral,real,5,5,1,1,2,6,Moral
84,23,2,5,1,2,moral_real_item6,6,moral,real,6,4,1,1,1,5,Moral
84,23,2,5,1,2,immoral_fake_item7,1,immoral,fake,7,3,5,2,4,1,Moral
84,23,2,5,1,2,immoral_fake_item8,1,immoral,fake,8,3,5,1,4,1,Moral
84,23,2,5,1,2,immoral_fake_item9,3,immoral,fake,9,2,2,4,4,1,Moral
84,23,2,5,1,2,immoral_real_item10,2,immoral,real,10,5,1,2,5,1,Moral
84,23,2,5,1,2,immoral_real_item11,1,immoral,real,11,5,2,1,5,1,Moral
84,23,2,5,1,2,immoral_real_item12,1,immoral,real,12,4,4,1,5,1,Moral
85,24,1,4,1,3,moral_fake_item1,2,moral,fake,1,5,1,3,3,6,Moral
85,24,1,4,1,3,moral_fake_item2,1,moral,fake,2,4,2,3,3,6,Moral
85,24,1,4,1,3,moral_fake_item3,3,moral,fake,3,4,3,4,3,6,Moral
85,24,1,4,1,3,moral_real_item4,3,moral,real,4,5,1,5,4,6,Moral
85,24,1,4,1,3,moral_real_item5,3,moral,real,5,5,1,4,4,5,Moral
85,24,1,4,1,3,moral_real_item6,3,moral,real,6,5,1,3,3,5,Moral
85,24,1,4,1,3,immoral_fake_item7,5,immoral,fake,7,3,2,2,5,2,Moral
85,24,1,4,1,3,immoral_fake_item8,1,immoral,fake,8,4,2,5,5,1,Moral
85,24,1,4,1,3,immoral_fake_item9,4,immoral,fake,9,4,1,4,4,2,Moral
85,24,1,4,1,3,immoral_real_item10,4,immoral,real,10,4,1,5,3,1,Moral
85,24,1,4,1,3,immoral_real_item11,5,immoral,real,11,4,1,4,3,1,Moral
85,24,1,4,1,3,immoral_real_item12,2,immoral,real,12,4,2,5,4,1,Moral
86,25,1,5,1,2,moral_fake_item1,6,moral,fake,1,5,4,1,4,4,Moral
86,25,1,5,1,2,moral_fake_item2,1,moral,fake,2,4,3,3,3,6,Moral
86,25,1,5,1,2,moral_fake_item3,1,moral,fake,3,4,3,1,2,5,Moral
86,25,1,5,1,2,moral_real_item4,4,moral,real,4,5,1,5,4,6,Moral
86,25,1,5,1,2,moral_real_item5,4,moral,real,5,3,3,3,4,6,Moral
86,25,1,5,1,2,moral_real_item6,4,moral,real,6,5,1,4,3,5,Moral
86,25,1,5,1,2,immoral_fake_item7,2,immoral,fake,7,2,5,1,2,1,Moral
86,25,1,5,1,2,immoral_fake_item8,1,immoral,fake,8,4,1,5,5,1,Moral
86,25,1,5,1,2,immoral_fake_item9,1,immoral,fake,9,4,2,4,4,1,Moral
86,25,1,5,1,2,immoral_real_item10,2,immoral,real,10,2,4,2,2,1,Moral
86,25,1,5,1,2,immoral_real_item11,2,immoral,real,11,3,4,2,2,1,Moral
86,25,1,5,1,2,immoral_real_item12,3,immoral,real,12,3,5,1,3,1,Moral
87,24,2,5,1,1,moral_fake_item1,1,moral,fake,1,3,4,4,4,5,Moral
87,24,2,5,1,1,moral_fake_item2,2,moral,fake,2,4,2,3,2,6,Moral
87,24,2,5,1,1,moral_fake_item3,3,moral,fake,3,1,2,1,1,5,Moral
87,24,2,5,1,1,moral_real_item4,2,moral,real,4,3,2,3,2,4,Moral
87,24,2,5,1,1,moral_real_item5,6,moral,real,5,2,2,1,1,3,Moral
87,24,2,5,1,1,moral_real_item6,3,moral,real,6,3,2,2,2,4,Moral
87,24,2,5,1,1,immoral_fake_item7,4,immoral,fake,7,1,2,1,1,1,Moral
87,24,2,5,1,1,immoral_fake_item8,2,immoral,fake,8,3,2,3,2,1,Moral
87,24,2,5,1,1,immoral_fake_item9,1,immoral,fake,9,4,2,4,4,1,Moral
87,24,2,5,1,1,immoral_real_item10,4,immoral,real,10,4,4,3,2,1,Moral
87,24,2,5,1,1,immoral_real_item11,5,immoral,real,11,3,3,2,3,1,Moral
87,24,2,5,1,1,immoral_real_item12,5,immoral,real,12,2,2,1,1,1,Moral
88,19,2,4,1,5,moral_fake_item1,2,moral,fake,1,5,1,5,4,6,Moral
88,19,2,4,1,5,moral_fake_item2,6,moral,fake,2,5,1,4,2,6,Moral
88,19,2,4,1,5,moral_fake_item3,4,moral,fake,3,3,1,1,3,6,Moral
88,19,2,4,1,5,moral_real_item4,1,moral,real,4,5,1,5,4,6,Moral
88,19,2,4,1,5,moral_real_item5,4,moral,real,5,3,1,2,3,4,Moral
88,19,2,4,1,5,moral_real_item6,3,moral,real,6,3,1,2,3,6,Moral
88,19,2,4,1,5,immoral_fake_item7,6,immoral,fake,7,3,1,1,4,1,Moral
88,19,2,4,1,5,immoral_fake_item8,1,immoral,fake,8,5,1,4,5,1,Moral
88,19,2,4,1,5,immoral_fake_item9,5,immoral,fake,9,4,1,2,5,2,Moral
88,19,2,4,1,5,immoral_real_item10,3,immoral,real,10,5,1,4,5,1,Moral
88,19,2,4,1,5,immoral_real_item11,3,immoral,real,11,4,2,2,4,1,Moral
88,19,2,4,1,5,immoral_real_item12,4,immoral,real,12,5,1,3,5,1,Moral
89,26,1,5,1,2,moral_fake_item1,1,moral,fake,1,4,2,3,4,6,Moral
89,26,1,5,1,2,moral_fake_item2,2,moral,fake,2,1,4,2,3,6,Moral
89,26,1,5,1,2,moral_fake_item3,1,moral,fake,3,2,4,1,3,6,Moral
89,26,1,5,1,2,moral_real_item4,2,moral,real,4,4,2,3,2,5,Moral
89,26,1,5,1,2,moral_real_item5,4,moral,real,5,3,4,1,3,3,Moral
89,26,1,5,1,2,moral_real_item6,1,moral,real,6,4,2,3,5,6,Moral
89,26,1,5,1,2,immoral_fake_item7,6,immoral,fake,7,1,5,1,2,1,Moral
89,26,1,5,1,2,immoral_fake_item8,1,immoral,fake,8,4,2,4,3,1,Moral
89,26,1,5,1,2,immoral_fake_item9,4,immoral,fake,9,2,4,1,4,1,Moral
89,26,1,5,1,2,immoral_real_item10,2,immoral,real,10,5,2,3,4,1,Moral
89,26,1,5,1,2,immoral_real_item11,5,immoral,real,11,4,3,3,1,1,Moral
89,26,1,5,1,2,immoral_real_item12,6,immoral,real,12,3,5,2,1,1,Moral
90,20,2,4,1,4,moral_fake_item1,1,moral,fake,1,5,1,3,3,6,Moral
90,20,2,4,1,4,moral_fake_item2,3,moral,fake,2,5,1,1,1,6,Moral
90,20,2,4,1,4,moral_fake_item3,3,moral,fake,3,5,2,1,2,6,Moral
90,20,2,4,1,4,moral_real_item4,1,moral,real,4,5,1,3,3,6,Moral
90,20,2,4,1,4,moral_real_item5,1,moral,real,5,5,1,2,3,6,Moral
90,20,2,4,1,4,moral_real_item6,2,moral,real,6,5,1,3,3,6,Moral
90,20,2,4,1,4,immoral_fake_item7,5,immoral,fake,7,5,2,1,3,1,Moral
90,20,2,4,1,4,immoral_fake_item8,4,immoral,fake,8,5,2,1,4,1,Moral
90,20,2,4,1,4,immoral_fake_item9,5,immoral,fake,9,3,3,2,1,1,Moral
90,20,2,4,1,4,immoral_real_item10,4,immoral,real,10,5,2,1,2,1,Moral
90,20,2,4,1,4,immoral_real_item11,6,immoral,real,11,5,3,1,1,1,Moral
90,20,2,4,1,4,immoral_real_item12,5,immoral,real,12,5,4,3,1,1,Moral
91,28,2,3,1,3,moral_fake_item1,6,moral,fake,1,5,1,5,3,6,Moral
91,28,2,3,1,3,moral_fake_item2,6,moral,fake,2,3,1,3,5,6,Moral
91,28,2,3,1,3,moral_fake_item3,6,moral,fake,3,3,3,3,5,6,Moral
91,28,2,3,1,3,moral_real_item4,6,moral,real,4,5,1,5,5,6,Moral
91,28,2,3,1,3,moral_real_item5,6,moral,real,5,5,1,5,5,6,Moral
91,28,2,3,1,3,moral_real_item6,1,moral,real,6,1,3,1,3,1,Moral
91,28,2,3,1,3,immoral_fake_item7,1,immoral,fake,7,5,1,5,5,1,Moral
91,28,2,3,1,3,immoral_fake_item8,1,immoral,fake,8,5,1,5,5,1,Moral
91,28,2,3,1,3,immoral_fake_item9,1,immoral,fake,9,5,1,3,3,1,Moral
91,28,2,3,1,3,immoral_real_item10,1,immoral,real,10,5,1,5,3,1,Moral
91,28,2,3,1,3,immoral_real_item11,1,immoral,real,11,5,1,5,5,1,Moral
91,28,2,3,1,3,immoral_real_item12,1,immoral,real,12,5,1,5,5,1,Moral
92,25,1,5,1,6,moral_fake_item1,1,moral,fake,1,1,1,5,1,6,Moral
92,25,1,5,1,6,moral_fake_item2,6,moral,fake,2,1,1,4,1,3,Moral
92,25,1,5,1,6,moral_fake_item3,6,moral,fake,3,5,1,5,5,1,Moral
92,25,1,5,1,6,moral_real_item4,4,moral,real,4,5,1,5,1,6,Moral
92,25,1,5,1,6,moral_real_item5,4,moral,real,5,5,1,5,3,6,Moral
92,25,1,5,1,6,moral_real_item6,1,moral,real,6,4,1,3,1,6,Moral
92,25,1,5,1,6,immoral_fake_item7,1,immoral,fake,7,5,1,3,4,1,Moral
92,25,1,5,1,6,immoral_fake_item8,1,immoral,fake,8,5,1,2,5,6,Moral
92,25,1,5,1,6,immoral_fake_item9,1,immoral,fake,9,2,1,4,2,1,Moral
92,25,1,5,1,6,immoral_real_item10,1,immoral,real,10,5,1,3,5,1,Moral
92,25,1,5,1,6,immoral_real_item11,1,immoral,real,11,5,1,5,3,1,Moral
92,25,1,5,1,6,immoral_real_item12,6,immoral,real,12,5,1,5,1,1,Moral
93,21,1,4,2,3,moral_fake_item1,1,moral,fake,1,5,1,5,3,6,Moral
93,21,1,4,2,3,moral_fake_item2,3,moral,fake,2,3,1,5,2,6,Moral
93,21,1,4,2,3,moral_fake_item3,1,moral,fake,3,4,1,5,4,6,Moral
93,21,1,4,2,3,moral_real_item4,1,moral,real,4,5,1,5,4,6,Moral
93,21,1,4,2,3,moral_real_item5,5,moral,real,5,4,1,5,3,5,Moral
93,21,1,4,2,3,moral_real_item6,4,moral,real,6,3,1,5,2,6,Moral
93,21,1,4,2,3,immoral_fake_item7,6,immoral,fake,7,2,1,5,3,1,Moral
93,21,1,4,2,3,immoral_fake_item8,1,immoral,fake,8,3,1,5,3,1,Moral
93,21,1,4,2,3,immoral_fake_item9,1,immoral,fake,9,2,1,5,4,1,Moral
93,21,1,4,2,3,immoral_real_item10,1,immoral,real,10,4,1,5,4,1,Moral
93,21,1,4,2,3,immoral_real_item11,6,immoral,real,11,4,1,5,3,1,Moral
93,21,1,4,2,3,immoral_real_item12,3,immoral,real,12,2,1,5,3,1,Moral
94,21,2,4,3,2,moral_fake_item1,1,moral,fake,1,4,1,2,5,6,Moral
94,21,2,4,3,2,moral_fake_item2,3,moral,fake,2,2,1,1,3,6,Moral
94,21,2,4,3,2,moral_fake_item3,2,moral,fake,3,1,1,2,2,5,Moral
94,21,2,4,3,2,moral_real_item4,1,moral,real,4,5,1,2,5,6,Moral
94,21,2,4,3,2,moral_real_item5,1,moral,real,5,4,1,2,5,6,Moral
94,21,2,4,3,2,moral_real_item6,2,moral,real,6,4,1,3,4,6,Moral
94,21,2,4,3,2,immoral_fake_item7,2,immoral,fake,7,4,1,4,4,1,Moral
94,21,2,4,3,2,immoral_fake_item8,1,immoral,fake,8,5,1,5,5,1,Moral
94,21,2,4,3,2,immoral_fake_item9,3,immoral,fake,9,2,1,5,3,1,Moral
94,21,2,4,3,2,immoral_real_item10,2,immoral,real,10,5,1,4,4,1,Moral
94,21,2,4,3,2,immoral_real_item11,2,immoral,real,11,5,1,4,5,1,Moral
94,21,2,4,3,2,immoral_real_item12,4,immoral,real,12,4,1,3,4,1,Moral
96,21,2,4,2,4,moral_fake_item1,1,moral,fake,1,5,1,4,4,6,Moral
96,21,2,4,2,4,moral_fake_item2,5,moral,fake,2,4,2,4,3,4,Moral
96,21,2,4,2,4,moral_fake_item3,2,moral,fake,3,3,3,4,3,5,Moral
96,21,2,4,2,4,moral_real_item4,3,moral,real,4,5,1,4,2,5,Moral
96,21,2,4,2,4,moral_real_item5,2,moral,real,5,4,1,3,3,5,Moral
96,21,2,4,2,4,moral_real_item6,3,moral,real,6,4,2,2,3,5,Moral
96,21,2,4,2,4,immoral_fake_item7,2,immoral,fake,7,2,4,2,3,1,Moral
96,21,2,4,2,4,immoral_fake_item8,1,immoral,fake,8,5,1,4,4,1,Moral
96,21,2,4,2,4,immoral_fake_item9,3,immoral,fake,9,3,3,3,3,2,Moral
96,21,2,4,2,4,immoral_real_item10,1,immoral,real,10,3,3,4,4,2,Moral
96,21,2,4,2,4,immoral_real_item11,1,immoral,real,11,3,3,4,4,2,Moral
96,21,2,4,2,4,immoral_real_item12,2,immoral,real,12,3,4,4,3,1,Moral
97,21,1,4,2,3,moral_fake_item1,2,moral,fake,1,4,2,3,3,5,Moral
97,21,1,4,2,3,moral_fake_item2,2,moral,fake,2,4,2,3,3,5,Moral
97,21,1,4,2,3,moral_fake_item3,2,moral,fake,3,4,2,3,3,5,Moral
97,21,1,4,2,3,moral_real_item4,2,moral,real,4,5,1,3,2,6,Moral
97,21,1,4,2,3,moral_real_item5,4,moral,real,5,4,2,3,4,4,Moral
97,21,1,4,2,3,moral_real_item6,2,moral,real,6,4,1,3,2,5,Moral
97,21,1,4,2,3,immoral_fake_item7,5,immoral,fake,7,3,2,3,2,1,Moral
97,21,1,4,2,3,immoral_fake_item8,3,immoral,fake,8,4,2,3,4,1,Moral
97,21,1,4,2,3,immoral_fake_item9,4,immoral,fake,9,4,2,3,4,1,Moral
97,21,1,4,2,3,immoral_real_item10,4,immoral,real,10,4,2,3,3,2,Moral
97,21,1,4,2,3,immoral_real_item11,3,immoral,real,11,3,2,3,3,1,Moral
97,21,1,4,2,3,immoral_real_item12,4,immoral,real,12,4,2,3,3,2,Moral
98,25,1,5,5,2,moral_fake_item1,1,moral,fake,1,4,1,4,5,6,Moral
98,25,1,5,5,2,moral_fake_item2,2,moral,fake,2,1,1,2,1,6,Moral
98,25,1,5,5,2,moral_fake_item3,2,moral,fake,3,1,1,3,2,6,Moral
98,25,1,5,5,2,moral_real_item4,1,moral,real,4,4,2,3,4,6,Moral
98,25,1,5,5,2,moral_real_item5,2,moral,real,5,4,2,4,4,5,Moral
98,25,1,5,5,2,moral_real_item6,1,moral,real,6,4,2,4,2,4,Moral
98,25,1,5,5,2,immoral_fake_item7,6,immoral,fake,7,4,2,2,5,1,Moral
98,25,1,5,5,2,immoral_fake_item8,6,immoral,fake,8,1,1,2,4,1,Moral
98,25,1,5,5,2,immoral_fake_item9,6,immoral,fake,9,4,2,5,5,1,Moral
98,25,1,5,5,2,immoral_real_item10,6,immoral,real,10,4,1,4,5,1,Moral
98,25,1,5,5,2,immoral_real_item11,6,immoral,real,11,4,1,4,5,1,Moral
98,25,1,5,5,2,immoral_real_item12,6,immoral,real,12,4,2,4,3,1,Moral
99,23,1,5,1,3,moral_fake_item1,6,moral,fake,1,3,4,4,4,6,Moral
99,23,1,5,1,3,moral_fake_item2,6,moral,fake,2,3,3,3,4,6,Moral
99,23,1,5,1,3,moral_fake_item3,6,moral,fake,3,3,4,4,3,6,Moral
99,23,1,5,1,3,moral_real_item4,6,moral,real,4,4,4,4,4,6,Moral
99,23,1,5,1,3,moral_real_item5,6,moral,real,5,3,4,4,4,6,Moral
99,23,1,5,1,3,moral_real_item6,6,moral,real,6,4,3,4,3,6,Moral
99,23,1,5,1,3,immoral_fake_item7,3,immoral,fake,7,3,5,2,3,3,Moral
99,23,1,5,1,3,immoral_fake_item8,4,immoral,fake,8,3,4,2,4,1,Moral
99,23,1,5,1,3,immoral_fake_item9,5,immoral,fake,9,3,4,4,4,2,Moral
99,23,1,5,1,3,immoral_real_item10,6,immoral,real,10,4,4,2,3,1,Moral
99,23,1,5,1,3,immoral_real_item11,2,immoral,real,11,3,3,4,4,1,Moral
99,23,1,5,1,3,immoral_real_item12,4,immoral,real,12,4,3,2,3,1,Moral
100,22,1,4,1,4,moral_fake_item1,1,moral,fake,1,3,5,1,4,6,Moral
100,22,1,4,1,4,moral_fake_item2,1,moral,fake,2,3,4,2,3,5,Moral
100,22,1,4,1,4,moral_fake_item3,1,moral,fake,3,1,1,2,2,5,Moral
100,22,1,4,1,4,moral_real_item4,4,moral,real,4,5,3,4,2,4,Moral
100,22,1,4,1,4,moral_real_item5,4,moral,real,5,3,5,2,3,6,Moral
100,22,1,4,1,4,moral_real_item6,1,moral,real,6,4,4,4,2,6,Moral
100,22,1,4,1,4,immoral_fake_item7,2,immoral,fake,7,1,2,1,2,1,Moral
100,22,1,4,1,4,immoral_fake_item8,1,immoral,fake,8,2,4,2,2,1,Moral
100,22,1,4,1,4,immoral_fake_item9,5,immoral,fake,9,2,4,2,2,2,Moral
100,22,1,4,1,4,immoral_real_item10,1,immoral,real,10,4,3,2,3,1,Moral
100,22,1,4,1,4,immoral_real_item11,1,immoral,real,11,4,2,2,2,1,Moral
100,22,1,4,1,4,immoral_real_item12,2,immoral,real,12,4,2,2,2,1,Moral
101,22,2,4,5,1,moral_fake_item1,1,moral,fake,1,5,1,4,3,6,Moral
101,22,2,4,5,1,moral_fake_item2,2,moral,fake,2,5,1,4,3,5,Moral
101,22,2,4,5,1,moral_fake_item3,1,moral,fake,3,4,1,3,3,5,Moral
101,22,2,4,5,1,moral_real_item4,3,moral,real,4,5,1,4,4,5,Moral
101,22,2,4,5,1,moral_real_item5,4,moral,real,5,5,1,3,4,3,Moral
101,22,2,4,5,1,moral_real_item6,1,moral,real,6,5,1,4,2,6,Moral
101,22,2,4,5,1,immoral_fake_item7,4,immoral,fake,7,2,1,1,3,1,Moral
101,22,2,4,5,1,immoral_fake_item8,1,immoral,fake,8,5,1,4,4,1,Moral
101,22,2,4,5,1,immoral_fake_item9,3,immoral,fake,9,4,1,4,3,2,Moral
101,22,2,4,5,1,immoral_real_item10,1,immoral,real,10,4,1,3,3,1,Moral
101,22,2,4,5,1,immoral_real_item11,1,immoral,real,11,5,1,4,5,1,Moral
101,22,2,4,5,1,immoral_real_item12,1,immoral,real,12,5,1,4,3,1,Moral
104,20,2,4,1,5,moral_fake_item1,4,moral,fake,1,3,4,2,4,6,Moral
104,20,2,4,1,5,moral_fake_item2,4,moral,fake,2,2,4,2,1,5,Moral
104,20,2,4,1,5,moral_fake_item3,2,moral,fake,3,1,2,3,2,1,Moral
104,20,2,4,1,5,moral_real_item4,4,moral,real,4,4,2,2,1,5,Moral
104,20,2,4,1,5,moral_real_item5,3,moral,real,5,3,4,2,3,4,Moral
104,20,2,4,1,5,moral_real_item6,4,moral,real,6,4,4,3,2,5,Moral
104,20,2,4,1,5,immoral_fake_item7,5,immoral,fake,7,4,3,2,4,1,Moral
104,20,2,4,1,5,immoral_fake_item8,4,immoral,fake,8,2,4,2,2,1,Moral
104,20,2,4,1,5,immoral_fake_item9,3,immoral,fake,9,3,4,2,4,1,Moral
104,20,2,4,1,5,immoral_real_item10,4,immoral,real,10,4,1,3,4,1,Moral
104,20,2,4,1,5,immoral_real_item11,5,immoral,real,11,3,3,2,4,1,Moral
104,20,2,4,1,5,immoral_real_item12,4,immoral,real,12,2,3,2,1,1,Moral
105,20,2,4,2,2,moral_fake_item1,1,moral,fake,1,5,1,4,4,6,Moral
105,20,2,4,2,2,moral_fake_item2,2,moral,fake,2,3,1,3,3,5,Moral
105,20,2,4,2,2,moral_fake_item3,2,moral,fake,3,4,1,4,1,6,Moral
105,20,2,4,2,2,moral_real_item4,1,moral,real,4,5,1,4,3,6,Moral
105,20,2,4,2,2,moral_real_item5,2,moral,real,5,4,1,4,3,5,Moral
105,20,2,4,2,2,moral_real_item6,1,moral,real,6,5,1,3,3,6,Moral
105,20,2,4,2,2,immoral_fake_item7,2,immoral,fake,7,3,1,3,2,1,Moral
105,20,2,4,2,2,immoral_fake_item8,1,immoral,fake,8,4,1,2,4,1,Moral
105,20,2,4,2,2,immoral_fake_item9,1,immoral,fake,9,4,1,3,3,1,Moral
105,20,2,4,2,2,immoral_real_item10,2,immoral,real,10,5,1,5,3,1,Moral
105,20,2,4,2,2,immoral_real_item11,1,immoral,real,11,5,1,4,4,1,Moral
105,20,2,4,2,2,immoral_real_item12,3,immoral,real,12,4,1,4,2,1,Moral
106,21,2,4,5,2,moral_fake_item1,1,moral,fake,1,2,2,2,3,5,Moral
106,21,2,4,5,2,moral_fake_item2,2,moral,fake,2,2,3,1,2,6,Moral
106,21,2,4,5,2,moral_fake_item3,2,moral,fake,3,2,3,4,3,6,Moral
106,21,2,4,5,2,moral_real_item4,1,moral,real,4,4,3,2,3,6,Moral
106,21,2,4,5,2,moral_real_item5,1,moral,real,5,4,2,4,4,6,Moral
106,21,2,4,5,2,moral_real_item6,6,moral,real,6,5,1,4,2,5,Moral
106,21,2,4,5,2,immoral_fake_item7,6,immoral,fake,7,2,2,2,3,1,Moral
106,21,2,4,5,2,immoral_fake_item8,6,immoral,fake,8,2,3,2,3,1,Moral
106,21,2,4,5,2,immoral_fake_item9,4,immoral,fake,9,4,2,3,3,2,Moral
106,21,2,4,5,2,immoral_real_item10,6,immoral,real,10,4,2,4,3,1,Moral
106,21,2,4,5,2,immoral_real_item11,6,immoral,real,11,4,2,4,3,1,Moral
106,21,2,4,5,2,immoral_real_item12,6,immoral,real,12,4,2,4,3,1,Moral
107,20,2,4,1,5,moral_fake_item1,1,moral,fake,1,5,1,2,5,6,Moral
107,20,2,4,1,5,moral_fake_item2,1,moral,fake,2,5,1,4,4,6,Moral
107,20,2,4,1,5,moral_fake_item3,3,moral,fake,3,5,2,1,3,6,Moral
107,20,2,4,1,5,moral_real_item4,1,moral,real,4,5,1,5,5,5,Moral
107,20,2,4,1,5,moral_real_item5,3,moral,real,5,3,2,1,3,4,Moral
107,20,2,4,1,5,moral_real_item6,1,moral,real,6,5,1,3,4,4,Moral
107,20,2,4,1,5,immoral_fake_item7,2,immoral,fake,7,3,2,1,4,1,Moral
107,20,2,4,1,5,immoral_fake_item8,4,immoral,fake,8,5,1,1,3,1,Moral
107,20,2,4,1,5,immoral_fake_item9,2,immoral,fake,9,5,1,4,5,2,Moral
107,20,2,4,1,5,immoral_real_item10,1,immoral,real,10,5,2,1,4,1,Moral
107,20,2,4,1,5,immoral_real_item11,1,immoral,real,11,4,1,1,4,1,Moral
107,20,2,4,1,5,immoral_real_item12,4,immoral,real,12,3,3,1,3,1,Moral
108,23,2,4,3,4,moral_fake_item1,5,moral,fake,1,5,1,4,4,5,Moral
108,23,2,4,3,4,moral_fake_item2,4,moral,fake,2,5,2,4,4,6,Moral
108,23,2,4,3,4,moral_fake_item3,5,moral,fake,3,4,1,3,4,6,Moral
108,23,2,4,3,4,moral_real_item4,4,moral,real,4,5,1,4,4,5,Moral
108,23,2,4,3,4,moral_real_item5,5,moral,real,5,3,1,3,4,5,Moral
108,23,2,4,3,4,moral_real_item6,4,moral,real,6,4,1,4,3,4,Moral
108,23,2,4,3,4,immoral_fake_item7,5,immoral,fake,7,4,1,5,4,2,Moral
108,23,2,4,3,4,immoral_fake_item8,5,immoral,fake,8,5,1,3,4,1,Moral
108,23,2,4,3,4,immoral_fake_item9,5,immoral,fake,9,5,1,5,4,1,Moral
108,23,2,4,3,4,immoral_real_item10,4,immoral,real,10,5,1,4,3,1,Moral
108,23,2,4,3,4,immoral_real_item11,1,immoral,real,11,4,2,4,3,6,Moral
108,23,2,4,3,4,immoral_real_item12,6,immoral,real,12,4,1,5,5,1,Moral
109,23,1,4,4,1,moral_fake_item1,1,moral,fake,1,5,1,4,5,6,Moral
109,23,1,4,4,1,moral_fake_item2,2,moral,fake,2,3,3,1,3,5,Moral
109,23,1,4,4,1,moral_fake_item3,3,moral,fake,3,3,2,3,3,6,Moral
109,23,1,4,4,1,moral_real_item4,1,moral,real,4,3,3,4,4,6,Moral
109,23,1,4,4,1,moral_real_item5,3,moral,real,5,3,1,2,4,4,Moral
109,23,1,4,4,1,moral_real_item6,3,moral,real,6,5,1,4,4,6,Moral
109,23,1,4,4,1,immoral_fake_item7,3,immoral,fake,7,3,1,2,3,5,Moral
109,23,1,4,4,1,immoral_fake_item8,4,immoral,fake,8,3,4,2,4,1,Moral
109,23,1,4,4,1,immoral_fake_item9,2,immoral,fake,9,4,2,4,5,1,Moral
109,23,1,4,4,1,immoral_real_item10,3,immoral,real,10,4,2,5,4,2,Moral
109,23,1,4,4,1,immoral_real_item11,4,immoral,real,11,4,1,3,4,2,Moral
109,23,1,4,4,1,immoral_real_item12,3,immoral,real,12,3,5,3,3,1,Moral
110,25,1,3,2,3,moral_fake_item1,5,moral,fake,1,4,5,4,5,6,Moral
110,25,1,3,2,3,moral_fake_item2,6,moral,fake,2,4,5,3,4,5,Moral
110,25,1,3,2,3,moral_fake_item3,4,moral,fake,3,4,5,4,5,5,Moral
110,25,1,3,2,3,moral_real_item4,5,moral,real,4,4,5,3,4,6,Moral
110,25,1,3,2,3,moral_real_item5,6,moral,real,5,5,4,4,4,5,Moral
110,25,1,3,2,3,moral_real_item6,6,moral,real,6,4,5,4,5,5,Moral
110,25,1,3,2,3,immoral_fake_item7,5,immoral,fake,7,5,4,4,4,6,Moral
110,25,1,3,2,3,immoral_fake_item8,6,immoral,fake,8,5,4,5,4,4,Moral
110,25,1,3,2,3,immoral_fake_item9,5,immoral,fake,9,5,4,4,4,6,Moral
110,25,1,3,2,3,immoral_real_item10,5,immoral,real,10,4,5,4,5,5,Moral
110,25,1,3,2,3,immoral_real_item11,6,immoral,real,11,5,4,4,5,4,Moral
110,25,1,3,2,3,immoral_real_item12,5,immoral,real,12,4,3,4,5,6,Moral
111,26,2,4,3,5,moral_fake_item1,1,moral,fake,1,5,1,5,5,6,Moral
111,26,2,4,3,5,moral_fake_item2,2,moral,fake,2,4,2,2,4,6,Moral
111,26,2,4,3,5,moral_fake_item3,1,moral,fake,3,1,1,1,3,6,Moral
111,26,2,4,3,5,moral_real_item4,1,moral,real,4,5,1,4,5,6,Moral
111,26,2,4,3,5,moral_real_item5,1,moral,real,5,4,2,3,5,6,Moral
111,26,2,4,3,5,moral_real_item6,2,moral,real,6,5,1,2,4,5,Moral
111,26,2,4,3,5,immoral_fake_item7,2,immoral,fake,7,3,1,2,4,1,Moral
111,26,2,4,3,5,immoral_fake_item8,1,immoral,fake,8,4,2,4,5,1,Moral
111,26,2,4,3,5,immoral_fake_item9,1,immoral,fake,9,4,2,3,5,1,Moral
111,26,2,4,3,5,immoral_real_item10,1,immoral,real,10,4,1,4,4,1,Moral
111,26,2,4,3,5,immoral_real_item11,3,immoral,real,11,4,2,3,3,2,Moral
111,26,2,4,3,5,immoral_real_item12,1,immoral,real,12,4,2,3,4,1,Moral
112,20,2,4,2,5,moral_fake_item1,3,moral,fake,1,4,4,1,5,6,Moral
112,20,2,4,2,5,moral_fake_item2,2,moral,fake,2,4,2,1,2,6,Moral
112,20,2,4,2,5,moral_fake_item3,4,moral,fake,3,2,4,1,2,6,Moral
112,20,2,4,2,5,moral_real_item4,1,moral,real,4,5,1,5,4,6,Moral
112,20,2,4,2,5,moral_real_item5,1,moral,real,5,4,2,3,5,4,Moral
112,20,2,4,2,5,moral_real_item6,2,moral,real,6,3,2,1,1,6,Moral
112,20,2,4,2,5,immoral_fake_item7,5,immoral,fake,7,4,2,1,4,1,Moral
112,20,2,4,2,5,immoral_fake_item8,4,immoral,fake,8,5,1,4,4,1,Moral
112,20,2,4,2,5,immoral_fake_item9,3,immoral,fake,9,4,2,2,5,1,Moral
112,20,2,4,2,5,immoral_real_item10,5,immoral,real,10,5,5,2,4,1,Moral
112,20,2,4,2,5,immoral_real_item11,6,immoral,real,11,4,2,4,3,1,Moral
112,20,2,4,2,5,immoral_real_item12,2,immoral,real,12,4,2,2,5,1,Moral
113,21,2,4,1,5,moral_fake_item1,1,moral,fake,1,5,1,3,3,6,Moral
113,21,2,4,1,5,moral_fake_item2,5,moral,fake,2,4,1,1,1,4,Moral
113,21,2,4,1,5,moral_fake_item3,2,moral,fake,3,5,1,1,2,6,Moral
113,21,2,4,1,5,moral_real_item4,2,moral,real,4,5,1,2,3,5,Moral
113,21,2,4,1,5,moral_real_item5,4,moral,real,5,4,2,1,3,3,Moral
113,21,2,4,1,5,moral_real_item6,1,moral,real,6,3,1,1,3,6,Moral
113,21,2,4,1,5,immoral_fake_item7,2,immoral,fake,7,3,3,1,2,1,Moral
113,21,2,4,1,5,immoral_fake_item8,2,immoral,fake,8,4,2,5,5,1,Moral
113,21,2,4,1,5,immoral_fake_item9,4,immoral,fake,9,3,3,4,3,1,Moral
113,21,2,4,1,5,immoral_real_item10,2,immoral,real,10,5,1,1,3,1,Moral
113,21,2,4,1,5,immoral_real_item11,6,immoral,real,11,4,2,1,1,2,Moral
113,21,2,4,1,5,immoral_real_item12,4,immoral,real,12,4,4,2,3,1,Moral
115,32,1,3,5,2,moral_fake_item1,1,moral,fake,1,4,2,4,5,6,Moral
115,32,1,3,5,2,moral_fake_item2,2,moral,fake,2,4,2,4,5,6,Moral
115,32,1,3,5,2,moral_fake_item3,2,moral,fake,3,4,2,4,5,6,Moral
115,32,1,3,5,2,moral_real_item4,1,moral,real,4,4,2,4,5,6,Moral
115,32,1,3,5,2,moral_real_item5,2,moral,real,5,4,2,4,5,5,Moral
115,32,1,3,5,2,moral_real_item6,1,moral,real,6,4,2,4,5,6,Moral
115,32,1,3,5,2,immoral_fake_item7,3,immoral,fake,7,4,2,3,4,1,Moral
115,32,1,3,5,2,immoral_fake_item8,2,immoral,fake,8,4,2,4,5,1,Moral
115,32,1,3,5,2,immoral_fake_item9,2,immoral,fake,9,4,2,4,5,1,Moral
115,32,1,3,5,2,immoral_real_item10,2,immoral,real,10,4,3,4,5,1,Moral
115,32,1,3,5,2,immoral_real_item11,2,immoral,real,11,4,2,4,5,1,Moral
115,32,1,3,5,2,immoral_real_item12,2,immoral,real,12,4,2,4,5,1,Moral
116,34,2,4,3,4,moral_fake_item1,1,moral,fake,1,5,1,4,5,6,Moral
116,34,2,4,3,4,moral_fake_item2,1,moral,fake,2,5,1,5,4,6,Moral
116,34,2,4,3,4,moral_fake_item3,2,moral,fake,3,3,2,3,2,6,Moral
116,34,2,4,3,4,moral_real_item4,1,moral,real,4,5,1,4,5,6,Moral
116,34,2,4,3,4,moral_real_item5,1,moral,real,5,5,1,4,5,6,Moral
116,34,2,4,3,4,moral_real_item6,1,moral,real,6,4,1,4,5,1,Moral
116,34,2,4,3,4,immoral_fake_item7,5,immoral,fake,7,2,2,1,1,1,Moral
116,34,2,4,3,4,immoral_fake_item8,1,immoral,fake,8,4,2,4,5,1,Moral
116,34,2,4,3,4,immoral_fake_item9,1,immoral,fake,9,3,3,4,5,2,Moral
116,34,2,4,3,4,immoral_real_item10,1,immoral,real,10,3,2,4,4,1,Moral
116,34,2,4,3,4,immoral_real_item11,1,immoral,real,11,4,1,4,3,1,Moral
116,34,2,4,3,4,immoral_real_item12,1,immoral,real,12,4,1,4,5,1,Moral
117,20,2,4,3,1,moral_fake_item1,2,moral,fake,1,4,2,4,4,6,Moral
117,20,2,4,3,1,moral_fake_item2,2,moral,fake,2,3,3,1,3,5,Moral
117,20,2,4,3,1,moral_fake_item3,2,moral,fake,3,4,2,4,3,5,Moral
117,20,2,4,3,1,moral_real_item4,2,moral,real,4,4,2,2,4,6,Moral
117,20,2,4,3,1,moral_real_item5,2,moral,real,5,4,1,3,5,4,Moral
117,20,2,4,3,1,moral_real_item6,1,moral,real,6,4,2,2,2,5,Moral
117,20,2,4,3,1,immoral_fake_item7,3,immoral,fake,7,4,3,2,4,1,Moral
117,20,2,4,3,1,immoral_fake_item8,1,immoral,fake,8,3,3,3,4,1,Moral
117,20,2,4,3,1,immoral_fake_item9,1,immoral,fake,9,3,2,2,3,3,Moral
117,20,2,4,3,1,immoral_real_item10,1,immoral,real,10,3,4,2,3,1,Moral
117,20,2,4,3,1,immoral_real_item11,1,immoral,real,11,4,4,2,4,1,Moral
117,20,2,4,3,1,immoral_real_item12,2,immoral,real,12,4,2,4,4,1,Moral
118,30,1,5,1,2,moral_fake_item1,1,moral,fake,1,4,2,3,3,5,Moral
118,30,1,5,1,2,moral_fake_item2,2,moral,fake,2,3,3,1,1,4,Moral
118,30,1,5,1,2,moral_fake_item3,2,moral,fake,3,3,2,2,2,5,Moral
118,30,1,5,1,2,moral_real_item4,6,moral,real,4,3,3,1,1,4,Moral
118,30,1,5,1,2,moral_real_item5,1,moral,real,5,4,2,4,5,4,Moral
118,30,1,5,1,2,moral_real_item6,2,moral,real,6,3,3,2,1,5,Moral
118,30,1,5,1,2,immoral_fake_item7,6,immoral,fake,7,3,5,1,4,1,Moral
118,30,1,5,1,2,immoral_fake_item8,1,immoral,fake,8,3,5,1,4,1,Moral
118,30,1,5,1,2,immoral_fake_item9,4,immoral,fake,9,3,5,1,4,1,Moral
118,30,1,5,1,2,immoral_real_item10,3,immoral,real,10,4,3,2,4,1,Moral
118,30,1,5,1,2,immoral_real_item11,6,immoral,real,11,4,2,3,3,2,Moral
118,30,1,5,1,2,immoral_real_item12,6,immoral,real,12,3,5,1,3,1,Moral
119,40,1,4,3,5,moral_fake_item1,1,moral,fake,1,5,1,4,5,6,Moral
119,40,1,4,3,5,moral_fake_item2,2,moral,fake,2,4,1,5,4,6,Moral
119,40,1,4,3,5,moral_fake_item3,2,moral,fake,3,2,1,3,3,6,Moral
119,40,1,4,3,5,moral_real_item4,1,moral,real,4,5,1,4,5,6,Moral
119,40,1,4,3,5,moral_real_item5,1,moral,real,5,4,1,5,4,6,Moral
119,40,1,4,3,5,moral_real_item6,2,moral,real,6,4,1,4,5,6,Moral
119,40,1,4,3,5,immoral_fake_item7,3,immoral,fake,7,1,1,2,3,1,Moral
119,40,1,4,3,5,immoral_fake_item8,1,immoral,fake,8,4,1,5,5,1,Moral
119,40,1,4,3,5,immoral_fake_item9,1,immoral,fake,9,3,2,4,5,3,Moral
119,40,1,4,3,5,immoral_real_item10,1,immoral,real,10,4,1,4,5,1,Moral
119,40,1,4,3,5,immoral_real_item11,2,immoral,real,11,3,1,3,4,1,Moral
119,40,1,4,3,5,immoral_real_item12,1,immoral,real,12,3,1,3,4,1,Moral
120,20,2,4,5,4,moral_fake_item1,1,moral,fake,1,5,1,3,5,6,Moral
120,20,2,4,5,4,moral_fake_item2,6,moral,fake,2,1,2,2,1,3,Moral
120,20,2,4,5,4,moral_fake_item3,4,moral,fake,3,2,4,1,1,3,Moral
120,20,2,4,5,4,moral_real_item4,1,moral,real,4,5,1,4,4,6,Moral
120,20,2,4,5,4,moral_real_item5,3,moral,real,5,3,3,2,3,4,Moral
120,20,2,4,5,4,moral_real_item6,3,moral,real,6,5,1,3,3,6,Moral
120,20,2,4,5,4,immoral_fake_item7,1,immoral,fake,7,2,4,1,2,1,Moral
120,20,2,4,5,4,immoral_fake_item8,1,immoral,fake,8,3,4,2,3,1,Moral
120,20,2,4,5,4,immoral_fake_item9,1,immoral,fake,9,4,3,1,3,1,Moral
120,20,2,4,5,4,immoral_real_item10,1,immoral,real,10,4,3,2,3,1,Moral
120,20,2,4,5,4,immoral_real_item11,2,immoral,real,11,3,4,1,1,1,Moral
120,20,2,4,5,4,immoral_real_item12,4,immoral,real,12,3,4,1,2,1,Moral
121,29,1,4,1,2,moral_fake_item1,2,moral,fake,1,4,2,3,4,5,Moral
121,29,1,4,1,2,moral_fake_item2,3,moral,fake,2,5,1,4,4,5,Moral
121,29,1,4,1,2,moral_fake_item3,1,moral,fake,3,3,3,4,2,6,Moral
121,29,1,4,1,2,moral_real_item4,2,moral,real,4,5,4,4,5,6,Moral
121,29,1,4,1,2,moral_real_item5,2,moral,real,5,5,4,3,4,5,Moral
121,29,1,4,1,2,moral_real_item6,4,moral,real,6,4,3,2,4,4,Moral
121,29,1,4,1,2,immoral_fake_item7,1,immoral,fake,7,4,4,2,3,2,Moral
121,29,1,4,1,2,immoral_fake_item8,3,immoral,fake,8,3,2,2,1,2,Moral
121,29,1,4,1,2,immoral_fake_item9,2,immoral,fake,9,5,4,2,4,1,Moral
121,29,1,4,1,2,immoral_real_item10,1,immoral,real,10,4,5,4,5,2,Moral
121,29,1,4,1,2,immoral_real_item11,1,immoral,real,11,1,2,1,1,1,Moral
121,29,1,4,1,2,immoral_real_item12,3,immoral,real,12,4,4,3,2,2,Moral
